1;0.38;0,3809191;1;0;4;33
2;30.23;15,30296;1;0;3;0
6;60.00;36,76865;1;0;1;0
8;60.00;42,5765;1;0;1;4
9;60.00;44,51245;1;0;1;0
11;60.00;47,32838;1;0;1;4
12;60.00;48,38435;1;0;1;0
14;60.00;50,04374;1;0;1;4
15;60.00;50,70749;1;0;1;0
17;60.00;51,80073;1;0;1;4
18;60.00;52,25625;1;0;1;0
20;60.00;53,03063;1;0;1;5
21;60.00;53,36251;1;0;1;0
23;60.00;53,93969;1;0;1;3
24;60.00;54,1922;1;0;1;0
26;60.00;54,63896;1;0;1;4
27;60.00;54,83752;1;0;1;0
29;60.00;55,19356;1;0;1;3
30;60.00;55,35378;1;0;1;0
32;60.00;55,64417;1;0;1;4
33;60.00;55,77617;1;0;1;0
35;60.00;56,01753;1;0;1;4
36;60.00;56,12816;1;0;1;0
38;60.00;56,33194;1;0;1;3
39;60.00;56,42599;1;0;1;0
41;60.00;56,60034;1;0;1;3
42;60.00;56,68128;1;0;1;0
44;60.00;56,83213;1;0;1;3
45;60.00;56,90253;1;0;1;0
47;60.00;57,03434;1;0;1;3
48;60.00;57,09613;1;0;1;0
50;60.00;57,21228;1;0;1;3
51;60.00;57,26694;1;0;1;0
53;60.00;57,37008;1;0;1;4
54;60.00;57,41878;1;0;1;0
56;60.00;57,51097;1;0;1;4
57;60.00;57,55464;1;0;1;0
59;60.00;57,63754;1;0;1;4
60;60.00;57,67691;1;0;1;0
62;60.00;57,75185;1;0;1;4
63;60.00;57,78754;1;0;1;0
65;60.00;57,85562;1;0;1;5
66;60.00;57,88811;1;0;1;0
68;60.00;57,95022;1;0;1;4
69;60.00;57,97993;1;0;1;0
71;60.00;58,03683;1;0;1;5
72;60.00;58,0641;1;0;1;0
74;60.00;58,11642;1;0;1;4
75;60.00;58,14154;1;0;1;0
77;60.00;58,18982;1;0;1;4
78;60.00;58,21302;1;0;1;0
80;60.00;58,2577;1;0;1;4
81;60.00;58,27921;1;0;1;0
83;60.00;58,32068;1;0;1;4
84;60.00;58,34067;1;0;1;0
86;60.00;58,37926;1;0;1;9
87;60.00;58,3979;1;0;1;0
89;60.00;58,4339;1;0;1;4
90;60.00;58,4513;1;0;1;0
92;60.00;58,48497;1;0;1;4
93;60.00;58,50127;1;0;1;0
95;60.00;58,53282;1;0;1;4
96;60.00;58,54811;1;0;1;0
98;60.00;58,57774;1;0;1;4
99;60.00;58,59211;1;0;1;0
101;60.00;58,61999;1;0;1;4
102;60.00;58,63352;1;0;1;0
104;60.00;58,6598;1;0;1;4
105;60.00;58,67256;1;0;1;0
107;60.00;58,69738;1;0;1;4
108;60.00;58,70944;1;0;1;0
110;60.00;58,7329;1;0;1;4
111;60.00;58,74432;1;0;1;0
113;60.00;58,76654;1;0;1;4
114;60.00;58,77736;1;0;1;0
116;60.00;58,79844;1;0;1;4
117;60.00;58,80871;1;0;1;0
119;60.00;58,82874;1;0;1;4
120;60.00;58,8385;1;0;1;0
122;60.00;58,85754;1;0;1;4
123;60.00;58,86683;1;0;1;0
125;60.00;58,88496;1;0;1;4
126;60.00;58,89381;1;0;1;0
128;60.00;58,91109;1;0;1;4
129;60.00;58,91953;1;0;1;0
131;60.00;58,93603;1;0;1;6
132;60.00;58,94409;1;0;1;0
134;60.00;58,95985;1;0;1;4
135;60.00;58,96756;1;0;1;0
137;60.00;58,98263;1;0;1;4
138;60.00;58,99;1;0;1;0
140;60.00;59,00443;1;0;1;5
141;60.00;59,01149;1;0;1;0
143;60.00;59,02532;1;0;1;5
144;60.00;59,03209;1;0;1;0
146;60.00;59,04535;1;0;1;7
147;60.00;59,05184;1;0;1;0
149;60.00;59,06457;1;0;1;4
150;60.00;59,07081;1;0;1;0
152;60.00;59,08303;1;0;1;6
153;60.00;59,08903;1;0;1;0
155;60.00;59,10078;1;0;1;4
156;60.00;59,10655;1;0;1;0
158;60.00;59,11786;1;0;1;4
159;60.00;59,12341;1;0;1;0
161;60.00;59,13429;1;0;1;4
162;60.00;59,13964;1;0;1;0
164;60.00;59,15013;1;0;1;4
165;60.00;59,15528;1;0;1;0
167;60.00;59,1654;1;0;1;4
168;60.00;59,17036;1;0;1;0
170;60.00;59,18013;1;0;1;4
171;60.00;59,18492;1;0;1;0
173;60.00;59,19434;1;0;1;4
174;60.00;59,19897;1;0;1;0
176;60.00;59,20808;1;0;1;5
177;60.00;59,21255;1;0;1;0
179;60.00;59,22135;1;0;1;4
180;60.00;59,22568;1;0;1;0
182;60.00;59,23419;1;0;1;3
183;60.00;59,23837;1;0;1;0
185;60.00;59,2466;1;0;1;2
186;60.00;59,25066;1;0;1;0
188;60.00;59,25863;1;0;1;2
189;60.00;59,26255;1;0;1;0
191;60.00;59,27028;1;0;1;3
192;60.00;59,27407;1;0;1;0
194;60.00;59,28156;1;0;1;2
195;60.00;59,28524;1;0;1;0
197;60.00;59,2925;1;0;1;3
198;60.00;59,29607;1;0;1;0
200;60.00;59,30311;1;0;1;2
201;60.00;59,30658;1;0;1;0
203;60.00;59,31341;1;0;1;3
204;60.00;59,31678;1;0;1;0
206;60.00;59,32341;1;0;1;2
207;60.00;59,32668;1;0;1;0
209;60.00;59,33313;1;0;1;2
210;60.00;59,3363;1;0;1;0
212;60.00;59,34257;1;0;1;2
213;60.00;59,34565;1;0;1;0
215;60.00;59,35174;1;0;1;2
216;60.00;59,35474;1;0;1;0
218;60.00;59,36066;1;0;1;2
219;60.00;59,36358;1;0;1;0
221;60.00;59,36934;1;0;1;2
222;60.00;59,37218;1;0;1;0
224;60.00;59,37779;1;0;1;2
225;60.00;59,38055;1;0;1;0
227;60.00;59,38601;1;0;1;3
228;60.00;59,38871;1;0;1;0
230;60.00;59,39402;1;0;1;2
231;60.00;59,39665;1;0;1;0
233;60.00;59,40183;1;0;1;2
234;60.00;59,40438;1;0;1;0
236;60.00;59,40943;1;0;1;2
237;60.00;59,41192;1;0;1;0
239;60.00;59,41684;1;0;1;2
240;60.00;59,41927;1;0;1;0
242;60.00;59,42408;1;0;1;2
243;60.00;59,42645;1;0;1;0
245;60.00;59,43113;1;0;1;3
246;60.00;59,43344;1;0;1;0
248;60.00;59,43801;1;0;1;3
249;60.00;59,44027;1;0;1;0
251;60.00;59,44473;1;0;1;2
252;60.00;59,44693;1;0;1;0
254;60.00;59,45129;1;0;1;3
255;60.00;59,45344;1;0;1;0
257;60.00;59,45769;1;0;1;2
258;60.00;59,45979;1;0;1;0
260;60.00;59,46395;1;0;1;3
261;60.00;59,466;1;0;1;0
263;60.00;59,47006;1;0;1;2
264;60.00;59,47207;1;0;1;0
266;60.00;59,47604;1;0;1;2
267;60.00;59,478;1;0;1;0
269;60.00;59,48188;1;0;1;2
270;60.00;59,4838;1;0;1;0
272;60.00;59,48759;1;0;1;2
273;60.00;59,48947;1;0;1;0
275;60.00;59,49318;1;0;1;2
276;60.00;59,49502;1;0;1;0
278;60.00;59,49865;1;0;1;2
279;60.00;59,50045;1;0;1;0
281;60.00;59,50401;1;0;1;2
282;60.00;59,50576;1;0;1;0
284;60.00;59,50925;1;0;1;2
285;60.00;59,51097;1;0;1;0
287;60.00;59,51437;1;0;1;1
288;60.00;59,51606;1;0;1;0
290;60.00;59,5194;1;0;1;2
291;60.00;59,52105;1;0;1;0
293;60.00;59,52432;1;0;1;3
294;60.00;59,52594;1;0;1;0
296;60.00;59,52914;1;0;1;2
297;60.00;59,53072;1;0;1;0
299;60.00;59,53386;1;0;1;3
300;60.00;59,53542;1;0;1;0
302;60.00;59,53849;1;0;1;4
303;60.00;59,54002;1;0;1;0
305;60.00;59,54303;1;0;1;5
306;60.00;59,54453;1;0;1;0
308;60.00;59,54749;1;0;1;2
309;60.00;59,54895;1;0;1;0
311;60.00;59,55185;1;0;1;2
312;60.00;59,55329;1;0;1;0
314;60.00;59,55613;1;0;1;3
315;60.00;59,55754;1;0;1;0
317;60.00;59,56033;1;0;1;2
318;60.00;59,56171;1;0;1;0
320;60.00;59,56445;1;0;1;2
321;60.00;59,56581;1;0;1;0
323;60.00;59,5685;1;0;1;2
324;60.00;59,56983;1;0;1;0
326;60.00;59,57247;1;0;1;2
327;60.00;59,57378;1;0;1;0
329;60.00;59,57637;1;0;1;2
330;60.00;59,57766;1;0;1;0
332;60.00;59,58021;1;0;1;3
333;60.00;59,58147;1;0;1;0
335;60.00;59,58397;1;0;1;4
336;60.00;59,58521;1;0;1;0
338;60.00;59,58767;1;0;1;2
339;60.00;59,58889;1;0;1;0
341;60.00;59,5913;1;0;1;2
342;60.00;59,59249;1;0;1;0
344;60.00;59,59486;1;0;1;2
345;60.00;59,59604;1;0;1;0
347;60.00;59,59836;1;0;1;2
348;60.00;59,59952;1;0;1;0
350;60.00;59,60181;1;0;1;3
351;60.00;59,60294;1;0;1;0
353;60.00;59,60519;1;0;1;2
354;60.00;59,6063;1;0;1;0
356;60.00;59,60852;1;0;1;3
357;60.00;59,60962;1;0;1;0
359;60.00;59,61179;1;0;1;2
360;60.00;59,61287;1;0;1;0
362;60.00;59,61501;1;0;1;2
363;60.00;59,61607;1;0;1;0
365;60.00;59,61818;1;0;1;3
366;60.00;59,61922;1;0;1;0
368;60.00;59,62129;1;0;1;2
369;60.00;59,62232;1;0;1;0
371;60.00;59,62436;1;0;1;2
372;60.00;59,62537;1;0;1;0
374;60.00;59,62737;1;0;1;2
375;60.00;59,62836;1;0;1;0
377;60.00;59,63034;1;0;1;2
378;60.00;59,63131;1;0;1;0
380;60.00;59,63326;1;0;1;2
381;60.00;59,63422;1;0;1;0
383;60.00;59,63613;1;0;1;2
384;60.00;59,63707;1;0;1;0
386;60.00;59,63895;1;0;1;2
387;60.00;59,63989;1;0;1;0
389;60.00;59,64174;1;0;1;3
390;60.00;59,64266;1;0;1;0
392;60.00;59,64448;1;0;1;2
393;60.00;59,64539;1;0;1;0
395;60.00;59,64718;1;0;1;2
396;60.00;59,64808;1;0;1;0
398;60.00;59,64984;1;0;1;2
399;60.00;59,65072;1;0;1;0
401;60.00;59,65246;1;0;1;2
402;60.00;59,65333;1;0;1;0
404;60.00;59,65504;1;0;1;2
405;60.00;59,6559;1;0;1;0
407;60.00;59,65759;1;0;1;2
408;60.00;59,65842;1;0;1;0
410;60.00;59,66009;1;0;1;2
411;60.00;59,66092;1;0;1;0
413;60.00;59,66256;1;0;1;2
414;60.00;59,66338;1;0;1;0
416;60.00;59,665;1;0;1;2
417;60.00;59,66581;1;0;1;0
419;60.00;59,6674;1;0;1;2
420;60.00;59,6682;1;0;1;0
422;60.00;59,66977;1;0;1;2
423;60.00;59,67056;1;0;1;0
425;60.00;59,67211;1;0;1;2
426;60.00;59,67288;1;0;1;0
428;60.00;59,67441;1;0;1;2
429;60.00;59,67517;1;0;1;0
431;60.00;59,67667;1;0;1;5
432;60.00;59,67742;1;0;1;0
434;60.00;59,67891;1;0;1;2
435;60.00;59,67965;1;0;1;0
437;60.00;59,68111;1;0;1;2
438;60.00;59,68184;1;0;1;0
440;60.00;59,68329;1;0;1;2
441;60.00;59,68401;1;0;1;0
443;60.00;59,68543;1;0;1;2
444;60.00;59,68614;1;0;1;0
446;60.00;59,68755;1;0;1;2
447;60.00;59,68825;1;0;1;0
449;60.00;59,68964;1;0;1;4
450;60.00;59,69033;1;0;1;0
452;60.00;59,6917;1;0;1;3
453;60.00;59,69238;1;0;1;0
455;60.00;59,69373;1;0;1;2
456;60.00;59,6944;1;0;1;0
458;60.00;59,69574;1;0;1;2
459;60.00;59,6964;1;0;1;0
461;60.00;59,69772;1;0;1;2
462;60.00;59,69837;1;0;1;0
464;60.00;59,69967;1;0;1;2
465;60.00;59,70032;1;0;1;0
467;60.00;59,7016;1;0;1;2
468;60.00;59,70224;1;0;1;0
470;60.00;59,70351;1;0;1;3
471;60.00;59,70414;1;0;1;0
473;60.00;59,70539;1;0;1;2
474;60.00;59,70601;1;0;1;0
476;60.00;59,70724;1;0;1;2
477;60.00;59,70786;1;0;1;0
479;60.00;59,70908;1;0;1;2
480;60.00;59,70969;1;0;1;0
482;60.00;59,71089;1;0;1;2
483;60.00;59,71149;1;0;1;0
485;60.00;59,71268;1;0;1;4
486;60.00;59,71327;1;0;1;0
488;60.00;59,71445;1;0;1;2
489;60.00;59,71503;1;0;1;0
491;60.00;59,71619;1;0;1;3
492;60.00;59,71677;1;0;1;0
494;60.00;59,71791;1;0;1;2
495;60.00;59,71848;1;0;1;0
497;60.00;59,71962;1;0;1;3
498;60.00;59,72018;1;0;1;0
500;60.00;59,7213;1;0;1;2
501;60.00;59,72186;1;0;1;0
503;60.00;59,72296;1;0;1;3
504;60.00;59,72351;1;0;1;0
506;60.00;59,72461;1;0;1;2
507;60.00;59,72515;1;0;1;0
509;60.00;59,72623;1;0;1;2
510;60.00;59,72676;1;0;1;0
512;60.00;59,72783;1;0;1;2
513;60.00;59,72836;1;0;1;0
515;60.00;59,72942;1;0;1;2
516;60.00;59,72994;1;0;1;0
518;60.00;59,73098;1;0;1;2
519;60.00;59,7315;1;0;1;0
521;60.00;59,73253;1;0;1;2
522;60.00;59,73304;1;0;1;0
524;60.00;59,73406;1;0;1;2
525;60.00;59,73457;1;0;1;0
527;60.00;59,73558;1;0;1;3
528;60.00;59,73608;1;0;1;0
530;60.00;59,73707;1;0;1;2
531;60.00;59,73757;1;0;1;0
533;60.00;59,73855;1;0;1;2
534;60.00;59,73904;1;0;1;0
536;60.00;59,74001;1;0;1;2
537;60.00;59,7405;1;0;1;0
539;60.00;59,74146;1;0;1;2
540;60.00;59,74194;1;0;1;0
542;60.00;59,74289;1;0;1;2
543;60.00;59,74337;1;0;1;0
545;60.00;59,74431;1;0;1;4
546;60.00;59,74478;1;0;1;0
548;60.00;59,74571;1;0;1;2
549;60.00;59,74617;1;0;1;0
551;60.00;59,74709;1;0;1;2
552;60.00;59,74755;1;0;1;0
554;60.00;59,74846;1;0;1;2
555;60.00;59,74892;1;0;1;0
557;60.00;59,74982;1;0;1;2
558;60.00;59,75027;1;0;1;0
560;60.00;59,75116;1;0;1;3
561;60.00;59,7516;1;0;1;0
563;60.00;59,75248;1;0;1;3
564;60.00;59,75292;1;0;1;0
566;60.00;59,7538;1;0;1;2
567;60.00;59,75423;1;0;1;0
569;60.00;59,75509;1;0;1;2
570;60.00;59,75552;1;0;1;0
572;60.00;59,75638;1;0;1;2
573;60.00;59,7568;1;0;1;0
575;60.00;59,75765;1;0;1;2
576;60.00;59,75807;1;0;1;0
578;60.00;59,75891;1;0;1;2
579;60.00;59,75932;1;0;1;0
581;60.00;59,76015;1;0;1;3
582;60.00;59,76056;1;0;1;0
584;60.00;59,76138;1;0;1;2
585;60.00;59,76179;1;0;1;0
587;60.00;59,7626;1;0;1;2
588;60.00;59,76301;1;0;1;0
590;60.00;59,76381;1;0;1;2
591;60.00;59,76421;1;0;1;0
593;60.00;59,76501;1;0;1;2
594;60.00;59,7654;1;0;1;0
596;60.00;59,76619;1;0;1;4
597;60.00;59,76658;1;0;1;0
599;60.00;59,76736;1;0;1;2
600;60.00;59,76775;1;0;1;0
602;60.00;59,76852;1;0;1;3
603;60.00;59,76891;1;0;1;0
605;60.00;59,76967;1;0;1;2
606;60.00;59,77005;1;0;1;0
608;60.00;59,77081;1;0;1;3
609;60.00;59,77118;1;0;1;0
611;60.00;59,77193;1;0;1;2
612;60.00;59,7723;1;0;1;0
614;60.00;59,77304;1;0;1;4
615;60.00;59,77341;1;0;1;0
617;60.00;59,77415;1;0;1;2
618;60.00;59,77451;1;0;1;0
620;60.00;59,77524;1;0;1;2
621;60.00;59,7756;1;0;1;0
623;60.00;59,77633;1;0;1;2
624;60.00;59,77668;1;0;1;0
626;60.00;59,7774;1;0;1;2
627;60.00;59,77775;1;0;1;0
629;60.00;59,77846;1;0;1;2
630;60.00;59,77881;1;0;1;0
632;60.00;59,77951;1;0;1;2
633;60.00;59,77986;1;0;1;0
635;60.00;59,78056;1;0;1;2
636;60.00;59,7809;1;0;1;0
638;60.00;59,78159;1;0;1;2
639;60.00;59,78193;1;0;1;0
641;60.00;59,78261;1;0;1;3
642;60.00;59,78295;1;0;1;0
644;60.00;59,78362;1;0;1;3
645;60.00;59,78396;1;0;1;0
647;60.00;59,78463;1;0;1;3
648;60.00;59,78496;1;0;1;0
650;60.00;59,78562;1;0;1;1
651;60.00;59,78595;1;0;1;0
653;60.00;59,78661;1;0;1;2
654;60.00;59,78693;1;0;1;0
656;60.00;59,78758;1;0;1;2
657;60.00;59,78791;1;0;1;0
659;60.00;59,78855;1;0;1;2
660;60.00;59,78887;1;0;1;0
662;60.00;59,78951;1;0;1;3
663;60.00;59,78983;1;0;1;0
665;60.00;59,79046;1;0;1;4
666;60.00;59,79078;1;0;1;0
668;60.00;59,7914;1;0;1;2
669;60.00;59,79171;1;0;1;0
671;60.00;59,79234;1;0;1;2
672;60.00;59,79264;1;0;1;0
674;60.00;59,79326;1;0;1;2
675;60.00;59,79357;1;0;1;0
677;60.00;59,79418;1;0;1;4
678;60.00;59,79448;1;0;1;0
680;60.00;59,79509;1;0;1;3
681;60.00;59,79539;1;0;1;0
683;60.00;59,79599;1;0;1;2
684;60.00;59,79628;1;0;1;0
686;60.00;59,79688;1;0;1;2
687;60.00;59,79718;1;0;1;0
689;60.00;59,79776;1;0;1;2
690;60.00;59,79806;1;0;1;0
692;60.00;59,79864;1;0;1;2
693;60.00;59,79893;1;0;1;0
695;60.00;59,79951;1;0;1;5
696;60.00;59,7998;1;0;1;0
698;60.00;59,80037;1;0;1;2
699;60.00;59,80066;1;0;1;0
701;60.00;59,80123;1;0;1;2
702;60.00;59,80151;1;0;1;0
704;60.00;59,80207;1;0;1;2
705;60.00;59,80236;1;0;1;0
707;60.00;59,80291;1;0;1;2
708;60.00;59,80319;1;0;1;0
710;60.00;59,80375;1;0;1;2
711;60.00;59,80402;1;0;1;0
713;60.00;59,80457;1;0;1;2
714;60.00;59,80485;1;0;1;0
716;60.00;59,80539;1;0;1;2
717;60.00;59,80566;1;0;1;0
719;60.00;59,80621;1;0;1;2
720;60.00;59,80648;1;0;1;0
722;60.00;59,80701;1;0;1;2
723;60.00;59,80728;1;0;1;0
725;60.00;59,80781;1;0;1;2
726;60.00;59,80807;1;0;1;0
728;60.00;59,8086;1;0;1;2
729;60.00;59,80886;1;0;1;0
731;60.00;59,80939;1;0;1;4
732;60.00;59,80965;1;0;1;0
734;60.00;59,81017;1;0;1;2
735;60.00;59,81042;1;0;1;0
737;60.00;59,81094;1;0;1;2
738;60.00;59,8112;1;0;1;0
740;60.00;59,81171;1;0;1;2
741;60.00;59,81196;1;0;1;0
743;60.00;59,81247;1;0;1;2
744;60.00;59,81272;1;0;1;0
746;60.00;59,81322;1;0;1;2
747;60.00;59,81347;1;0;1;0
749;60.00;59,81397;1;0;1;2
750;60.00;59,81422;1;0;1;0
752;60.00;59,81471;1;0;1;2
753;60.00;59,81496;1;0;1;0
755;60.00;59,81545;1;0;1;2
756;60.00;59,81569;1;0;1;0
758;60.00;59,81618;1;0;1;2
759;60.00;59,81643;1;0;1;0
761;60.00;59,81691;1;0;1;2
762;60.00;59,81715;1;0;1;0
764;60.00;59,81763;1;0;1;4
765;60.00;59,81787;1;0;1;0
767;60.00;59,81834;1;0;1;2
768;60.00;59,81858;1;0;1;0
770;60.00;59,81905;1;0;1;2
771;60.00;59,81929;1;0;1;0
773;60.00;59,81975;1;0;1;2
774;60.00;59,81998;1;0;1;0
776;60.00;59,82045;1;0;1;2
777;60.00;59,82068;1;0;1;0
779;60.00;59,82114;1;0;1;2
780;60.00;59,82137;1;0;1;0
782;60.00;59,82183;1;0;1;2
783;60.00;59,82206;1;0;1;0
785;60.00;59,82251;1;0;1;2
786;60.00;59,82273;1;0;1;0
788;60.00;59,82318;1;0;1;2
789;60.00;59,82341;1;0;1;0
791;60.00;59,82386;1;0;1;2
792;60.00;59,82408;1;0;1;0
794;60.00;59,82452;1;0;1;2
795;60.00;59,82474;1;0;1;0
797;60.00;59,82518;1;0;1;2
798;60.00;59,8254;1;0;1;0
800;60.00;59,82584;1;0;1;2
801;60.00;59,82605;1;0;1;0
803;60.00;59,82649;1;0;1;4
804;60.00;59,82671;1;0;1;0
806;60.00;59,82713;1;0;1;2
807;60.00;59,82735;1;0;1;0
809;60.00;59,82777;1;0;1;3
810;60.00;59,82799;1;0;1;0
812;60.00;59,82841;1;0;1;2
813;60.00;59,82862;1;0;1;0
815;60.00;59,82904;1;0;1;2
816;60.00;59,82925;1;0;1;0
818;60.00;59,82967;1;0;1;4
819;60.00;59,82988;1;0;1;0
821;60.00;59,83029;1;0;1;2
822;60.00;59,8305;1;0;1;0
824;60.00;59,83091;1;0;1;2
825;60.00;59,83112;1;0;1;0
827;60.00;59,83152;1;0;1;2
828;60.00;59,83173;1;0;1;0
830;60.00;59,83213;1;0;1;2
831;60.00;59,83233;1;0;1;0
833;60.00;59,83274;1;0;1;2
834;60.00;59,83294;1;0;1;0
836;60.00;59,83334;1;0;1;2
837;60.00;59,83353;1;0;1;0
839;60.00;59,83393;1;0;1;4
840;60.00;59,83413;1;0;1;0
842;60.00;59,83453;1;0;1;3
843;60.00;59,83472;1;0;1;0
845;60.00;59,83511;1;0;1;2
846;60.00;59,8353;1;0;1;0
848;60.00;59,83569;1;0;1;2
849;60.00;59,83589;1;0;1;0
851;60.00;59,83628;1;0;1;2
852;60.00;59,83647;1;0;1;0
854;60.00;59,83685;1;0;1;2
855;60.00;59,83704;1;0;1;0
857;60.00;59,83742;1;0;1;2
858;60.00;59,83761;1;0;1;0
860;60.00;59,83799;1;0;1;2
861;60.00;59,83818;1;0;1;0
863;60.00;59,83855;1;0;1;2
864;60.00;59,83874;1;0;1;0
866;60.00;59,83911;1;0;1;2
867;60.00;59,8393;1;0;1;0
869;60.00;59,83967;1;0;1;2
870;60.00;59,83985;1;0;1;0
872;60.00;59,84022;1;0;1;2
873;60.00;59,8404;1;0;1;0
875;60.00;59,84077;1;0;1;2
876;60.00;59,84095;1;0;1;0
878;60.00;59,84131;1;0;1;2
879;60.00;59,84149;1;0;1;0
881;60.00;59,84185;1;0;1;2
882;60.00;59,84203;1;0;1;0
884;60.00;59,84239;1;0;1;2
885;60.00;59,84257;1;0;1;0
887;60.00;59,84292;1;0;1;2
888;60.00;59,8431;1;0;1;0
890;60.00;59,84345;1;0;1;4
891;60.00;59,84362;1;0;1;0
893;60.00;59,84398;1;0;1;2
894;60.00;59,84415;1;0;1;0
896;60.00;59,8445;1;0;1;2
897;60.00;59,84467;1;0;1;0
899;60.00;59,84502;1;0;1;2
900;60.00;59,84519;1;0;1;0
902;60.00;59,84553;1;0;1;3
903;60.00;59,8457;1;0;1;0
905;60.00;59,84605;1;0;1;2
906;60.00;59,84622;1;0;1;0
908;60.00;59,84655;1;0;1;5
909;60.00;59,84672;1;0;1;0
911;60.00;59,84706;1;0;1;2
912;60.00;59,84723;1;0;1;0
914;60.00;59,84756;1;0;1;2
915;60.00;59,84773;1;0;1;0
917;60.00;59,84806;1;0;1;2
918;60.00;59,84822;1;0;1;0
920;60.00;59,84855;1;0;1;2
921;60.00;59,84872;1;0;1;0
923;60.00;59,84904;1;0;1;2
924;60.00;59,84921;1;0;1;0
926;60.00;59,84954;1;0;1;2
927;60.00;59,8497;1;0;1;0
929;60.00;59,85002;1;0;1;3
930;60.00;59,85018;1;0;1;0
932;60.00;59,8505;1;0;1;2
933;60.00;59,85066;1;0;1;0
935;60.00;59,85098;1;0;1;2
936;60.00;59,85114;1;0;1;0
938;60.00;59,85146;1;0;1;2
939;60.00;59,85162;1;0;1;0
941;60.00;59,85193;1;0;1;4
942;60.00;59,85209;1;0;1;0
944;60.00;59,8524;1;0;1;2
945;60.00;59,85256;1;0;1;0
947;60.00;59,85287;1;0;1;2
948;60.00;59,85303;1;0;1;0
950;60.00;59,85334;1;0;1;2
951;60.00;59,85349;1;0;1;0
953;60.00;59,8538;1;0;1;2
954;60.00;59,85395;1;0;1;0
956;60.00;59,85426;1;0;1;2
957;60.00;59,85441;1;0;1;0
959;60.00;59,85471;1;0;1;3
960;60.00;59,85487;1;0;1;0
962;60.00;59,85517;1;0;1;2
963;60.00;59,85532;1;0;1;0
965;60.00;59,85562;1;0;1;3
966;60.00;59,85577;1;0;1;0
968;60.00;59,85606;1;0;1;2
969;60.00;59,85621;1;0;1;0
971;60.00;59,85651;1;0;1;2
972;60.00;59,85666;1;0;1;0
974;60.00;59,85696;1;0;1;2
975;60.00;59,8571;1;0;1;0
977;60.00;59,85739;1;0;1;2
978;60.00;59,85754;1;0;1;0
980;60.00;59,85783;1;0;1;4
981;60.00;59,85797;1;0;1;0
983;60.00;59,85826;1;0;1;2
984;60.00;59,85841;1;0;1;0
986;60.00;59,8587;1;0;1;2
987;60.00;59,85884;1;0;1;0
989;60.00;59,85912;1;0;1;3
990;60.00;59,85926;1;0;1;0
992;60.00;59,85955;1;0;1;3
993;60.00;59,85969;1;0;1;0
995;60.00;59,85997;1;0;1;2
996;60.00;59,86011;1;0;1;0
998;60.00;59,86039;1;0;1;5
999;60.00;59,86053;1;0;1;0
1001;60.00;59,86082;1;0;1;2
1002;60.00;59,86095;1;0;1;0
1004;60.00;59,86123;1;0;1;2
1005;60.00;59,86137;1;0;1;0
1007;60.00;59,86164;1;0;1;2
1008;60.00;59,86178;1;0;1;0
1010;60.00;59,86205;1;0;1;2
1011;60.00;59,86219;1;0;1;0
1013;60.00;59,86246;1;0;1;3
1014;60.00;59,8626;1;0;1;0
1016;60.00;59,86287;1;0;1;5
1017;60.00;59,86301;1;0;1;0
1019;60.00;59,86327;1;0;1;2
1020;60.00;59,86341;1;0;1;0
1022;60.00;59,86367;1;0;1;3
1023;60.00;59,86381;1;0;1;0
1025;60.00;59,86407;1;0;1;2
1026;60.00;59,86421;1;0;1;0
1028;60.00;59,86448;1;0;1;5
1029;60.00;59,86461;1;0;1;0
1031;60.00;59,86487;1;0;1;2
1032;60.00;59,865;1;0;1;0
1034;60.00;59,86526;1;0;1;2
1035;60.00;59,86539;1;0;1;0
1037;60.00;59,86565;1;0;1;2
1038;60.00;59,86578;1;0;1;0
1040;60.00;59,86604;1;0;1;3
1041;60.00;59,86617;1;0;1;0
1043;60.00;59,86642;1;0;1;3
1044;60.00;59,86655;1;0;1;0
1046;60.00;59,86681;1;0;1;3
1047;60.00;59,86693;1;0;1;0
1049;60.00;59,86718;1;0;1;3
1050;60.00;59,86731;1;0;1;0
1052;60.00;59,86756;1;0;1;3
1053;60.00;59,86769;1;0;1;0
1055;60.00;59,86794;1;0;1;3
1056;60.00;59,86806;1;0;1;0
1058;60.00;59,86832;1;0;1;2
1059;60.00;59,86844;1;0;1;0
1061;60.00;59,86869;1;0;1;2
1062;60.00;59,86881;1;0;1;0
1064;60.00;59,86906;1;0;1;3
1065;60.00;59,86918;1;0;1;0
1067;60.00;59,86942;1;0;1;2
1068;60.00;59,86954;1;0;1;0
1070;60.00;59,86979;1;0;1;6
1071;60.00;59,86991;1;0;1;0
1073;60.00;59,87016;1;0;1;2
1074;60.00;59,87028;1;0;1;0
1076;60.00;59,87052;1;0;1;2
1077;60.00;59,87064;1;0;1;0
1079;60.00;59,87088;1;0;1;2
1080;60.00;59,871;1;0;1;0
1082;60.00;59,87123;1;0;1;2
1083;60.00;59,87135;1;0;1;0
1085;60.00;59,87159;1;0;1;3
1086;60.00;59,87171;1;0;1;0
1088;60.00;59,87194;1;0;1;2
1089;60.00;59,87206;1;0;1;0
1091;60.00;59,8723;1;0;1;3
1092;60.00;59,87242;1;0;1;0
1094;60.00;59,87265;1;0;1;2
1095;60.00;59,87277;1;0;1;0
1097;60.00;59,873;1;0;1;2
1098;60.00;59,87312;1;0;1;0
1100;60.00;59,87334;1;0;1;2
1101;60.00;59,87346;1;0;1;0
1103;60.00;59,87369;1;0;1;4
1104;60.00;59,8738;1;0;1;0
1106;60.00;59,87403;1;0;1;2
1107;60.00;59,87415;1;0;1;0
1109;60.00;59,87437;1;0;1;2
1110;60.00;59,87449;1;0;1;0
1112;60.00;59,87472;1;0;1;2
1113;60.00;59,87483;1;0;1;0
1115;60.00;59,87505;1;0;1;2
1116;60.00;59,87516;1;0;1;0
1118;60.00;59,87539;1;0;1;6
1119;60.00;59,8755;1;0;1;0
1121;60.00;59,87572;1;0;1;5
1122;60.00;59,87583;1;0;1;0
1124;60.00;59,87605;1;0;1;2
1125;60.00;59,87616;1;0;1;0
1127;60.00;59,87638;1;0;1;2
1128;60.00;59,87649;1;0;1;0
1130;60.00;59,87671;1;0;1;2
1131;60.00;59,87682;1;0;1;0
1133;60.00;59,87704;1;0;1;2
1134;60.00;59,87715;1;0;1;0
1136;60.00;59,87736;1;0;1;2
1137;60.00;59,87747;1;0;1;0
1139;60.00;59,87768;1;0;1;4
1140;60.00;59,87779;1;0;1;0
1142;60.00;59,878;1;0;1;2
1143;60.00;59,87811;1;0;1;0
1145;60.00;59,87832;1;0;1;2
1146;60.00;59,87843;1;0;1;0
1148;60.00;59,87864;1;0;1;3
1149;60.00;59,87875;1;0;1;0
1151;60.00;59,87896;1;0;1;2
1152;60.00;59,87907;1;0;1;0
1154;60.00;59,87928;1;0;1;3
1155;60.00;59,87938;1;0;1;0
1157;60.00;59,87959;1;0;1;5
1158;60.00;59,87969;1;0;1;0
1160;60.00;59,8799;1;0;1;2
1161;60.00;59,88;1;0;1;0
1163;60.00;59,88021;1;0;1;2
1164;60.00;59,88031;1;0;1;0
1166;60.00;59,88052;1;0;1;2
1167;60.00;59,88062;1;0;1;0
1169;60.00;59,88083;1;0;1;2
1170;60.00;59,88093;1;0;1;0
1172;60.00;59,88113;1;0;1;5
1173;60.00;59,88124;1;0;1;0
1175;60.00;59,88144;1;0;1;4
1176;60.00;59,88154;1;0;1;0
1178;60.00;59,88174;1;0;1;2
1179;60.00;59,88184;1;0;1;0
1181;60.00;59,88203;1;0;1;2
1182;60.00;59,88213;1;0;1;0
1184;60.00;59,88233;1;0;1;2
1185;60.00;59,88243;1;0;1;0
1187;60.00;59,88263;1;0;1;2
1188;60.00;59,88273;1;0;1;0
1190;60.00;59,88293;1;0;1;4
1191;60.00;59,88303;1;0;1;0
1193;60.00;59,88322;1;0;1;5
1194;60.00;59,88332;1;0;1;0
1196;60.00;59,88352;1;0;1;6
1197;60.00;59,88362;1;0;1;0
1199;60.00;59,88381;1;0;1;5
1200;60.00;59,88391;1;0;1;0
1202;60.00;59,8841;1;0;1;3
1203;60.00;59,88419;1;0;1;0
1205;60.00;59,88438;1;0;1;10
1206;60.00;59,88448;1;0;1;0
1208;60.00;59,88467;1;0;1;5
1209;60.00;59,88477;1;0;1;0
1211;60.00;59,88496;1;0;1;3
1212;60.00;59,88505;1;0;1;0
1214;60.00;59,88524;1;0;1;2
1215;60.00;59,88534;1;0;1;0
1217;60.00;59,88553;1;0;1;2
1218;60.00;59,88562;1;0;1;0
1220;60.00;59,88581;1;0;1;3
1221;60.00;59,88591;1;0;1;0
1223;60.00;59,88609;1;0;1;2
1224;60.00;59,88618;1;0;1;0
1226;60.00;59,88637;1;0;1;3
1227;60.00;59,88646;1;0;1;0
1229;60.00;59,88664;1;0;1;2
1230;60.00;59,88673;1;0;1;0
1232;60.00;59,88692;1;0;1;2
1233;60.00;59,88701;1;0;1;0
1235;60.00;59,88719;1;0;1;2
1236;60.00;59,88728;1;0;1;0
1238;60.00;59,88747;1;0;1;2
1239;60.00;59,88756;1;0;1;0
1241;60.00;59,88774;1;0;1;2
1242;60.00;59,88783;1;0;1;0
1244;60.00;59,88802;1;0;1;2
1245;60.00;59,88811;1;0;1;0
1247;60.00;59,88829;1;0;1;2
1248;60.00;59,88838;1;0;1;0
1250;60.00;59,88855;1;0;1;2
1251;60.00;59,88864;1;0;1;0
1253;60.00;59,88882;1;0;1;2
1254;60.00;59,8889;1;0;1;0
1256;60.00;59,88908;1;0;1;5
1257;60.00;59,88917;1;0;1;0
1259;60.00;59,88934;1;0;1;2
1260;60.00;59,88943;1;0;1;0
1262;60.00;59,88961;1;0;1;3
1263;60.00;59,88969;1;0;1;0
1265;60.00;59,88987;1;0;1;2
1266;60.00;59,88996;1;0;1;0
1268;60.00;59,89013;1;0;1;3
1269;60.00;59,89022;1;0;1;0
1271;60.00;59,8904;1;0;1;3
1272;60.00;59,89048;1;0;1;0
1274;60.00;59,89066;1;0;1;4
1275;60.00;59,89074;1;0;1;0
1277;60.00;59,89091;1;0;1;2
1278;60.00;59,891;1;0;1;0
1280;60.00;59,89116;1;0;1;2
1281;60.00;59,89125;1;0;1;0
1283;60.00;59,89141;1;0;1;2
1284;60.00;59,8915;1;0;1;0
1286;60.00;59,89167;1;0;1;2
1287;60.00;59,89175;1;0;1;0
1289;60.00;59,89192;1;0;1;2
1290;60.00;59,892;1;0;1;0
1292;60.00;59,89217;1;0;1;6
1293;60.00;59,89225;1;0;1;0
1295;60.00;59,89242;1;0;1;2
1296;60.00;59,89251;1;0;1;0
1298;60.00;59,89267;1;0;1;2
1299;60.00;59,89276;1;0;1;0
1301;60.00;59,89293;1;0;1;3
1302;60.00;59,89301;1;0;1;0
1304;60.00;59,89318;1;0;1;4
1305;60.00;59,89326;1;0;1;0
1307;60.00;59,89342;1;0;1;2
1308;60.00;59,8935;1;0;1;0
1310;60.00;59,89366;1;0;1;7
1311;60.00;59,89374;1;0;1;0
1313;60.00;59,8939;1;0;1;5
1314;60.00;59,89398;1;0;1;0
1316;60.00;59,89414;1;0;1;3
1317;60.00;59,89422;1;0;1;0
1319;60.00;59,89438;1;0;1;2
1320;60.00;59,89446;1;0;1;0
1322;60.00;59,89462;1;0;1;3
1323;60.00;59,8947;1;0;1;0
1325;60.00;59,89486;1;0;1;2
1326;60.00;59,89494;1;0;1;0
1328;60.00;59,8951;1;0;1;5
1329;60.00;59,89518;1;0;1;0
1331;60.00;59,89534;1;0;1;2
1332;60.00;59,89542;1;0;1;0
1334;60.00;59,89558;1;0;1;2
1335;60.00;59,89566;1;0;1;0
1337;60.00;59,89581;1;0;1;2
1338;60.00;59,89589;1;0;1;0
1340;60.00;59,89604;1;0;1;3
1341;60.00;59,89612;1;0;1;0
1343;60.00;59,89627;1;0;1;2
1344;60.00;59,89635;1;0;1;0
1346;60.00;59,8965;1;0;1;5
1347;60.00;59,89658;1;0;1;0
1349;60.00;59,89673;1;0;1;2
1350;60.00;59,8968;1;0;1;0
1352;60.00;59,89696;1;0;1;3
1353;60.00;59,89703;1;0;1;0
1355;60.00;59,89719;1;0;1;2
1356;60.00;59,89726;1;0;1;0
1358;60.00;59,89742;1;0;1;2
1359;60.00;59,89749;1;0;1;0
1361;60.00;59,89764;1;0;1;5
1362;60.00;59,89772;1;0;1;0
1364;60.00;59,89787;1;0;1;4
1365;60.00;59,89795;1;0;1;0
1367;60.00;59,8981;1;0;1;2
1368;60.00;59,89818;1;0;1;0
1370;60.00;59,89833;1;0;1;2
1371;60.00;59,8984;1;0;1;0
1373;60.00;59,89854;1;0;1;5
1374;60.00;59,89862;1;0;1;0
1376;60.00;59,89876;1;0;1;5
1377;60.00;59,89883;1;0;1;0
1379;60.00;59,89898;1;0;1;2
1380;60.00;59,89905;1;0;1;0
1382;60.00;59,8992;1;0;1;2
1383;60.00;59,89927;1;0;1;0
1385;60.00;59,89941;1;0;1;4
1386;60.00;59,89949;1;0;1;0
1388;60.00;59,89963;1;0;1;5
1389;60.00;59,8997;1;0;1;0
1391;60.00;59,89985;1;0;1;2
1392;60.00;59,89992;1;0;1;0
1394;60.00;59,90007;1;0;1;2
1395;60.00;59,90014;1;0;1;0
1397;60.00;59,90028;1;0;1;2
1398;60.00;59,90036;1;0;1;0
1400;60.00;59,9005;1;0;1;5
1401;60.00;59,90057;1;0;1;0
1403;60.00;59,90072;1;0;1;2
1404;60.00;59,90079;1;0;1;0
1406;60.00;59,90093;1;0;1;2
1407;60.00;59,901;1;0;1;0
1409;60.00;59,90114;1;0;1;2
1410;60.00;59,90121;1;0;1;0
1412;60.00;59,90134;1;0;1;2
1413;60.00;59,90141;1;0;1;0
1415;60.00;59,90155;1;0;1;5
1416;60.00;59,90162;1;0;1;0
1418;60.00;59,90176;1;0;1;3
1419;60.00;59,90182;1;0;1;0
1421;60.00;59,90196;1;0;1;2
1422;60.00;59,90203;1;0;1;0
1424;60.00;59,90217;1;0;1;3
1425;60.00;59,90224;1;0;1;0
1427;60.00;59,90237;1;0;1;2
1428;60.00;59,90244;1;0;1;0
1430;60.00;59,90258;1;0;1;2
1431;60.00;59,90265;1;0;1;0
1433;60.00;59,90279;1;0;1;2
1434;60.00;59,90285;1;0;1;0
1436;60.00;59,90299;1;0;1;2
1437;60.00;59,90306;1;0;1;0
1439;60.00;59,9032;1;0;1;4
1440;60.00;59,90327;1;0;1;0
1442;60.00;59,9034;1;0;1;2
1443;60.00;59,90347;1;0;1;0
1445;60.00;59,90361;1;0;1;2
1446;60.00;59,90368;1;0;1;0
1448;60.00;59,9038;1;0;1;3
1449;60.00;59,90387;1;0;1;0
1451;60.00;59,904;1;0;1;4
1452;60.00;59,90406;1;0;1;0
1454;60.00;59,90419;1;0;1;2
1455;60.00;59,90426;1;0;1;0
1457;60.00;59,90439;1;0;1;2
1458;60.00;59,90445;1;0;1;0
1460;60.00;59,90458;1;0;1;2
1461;60.00;59,90465;1;0;1;0
1463;60.00;59,90478;1;0;1;2
1464;60.00;59,90484;1;0;1;0
1466;60.00;59,90497;1;0;1;5
1467;60.00;59,90504;1;0;1;0
1469;60.00;59,90517;1;0;1;5
1470;60.00;59,90523;1;0;1;0
1472;60.00;59,90536;1;0;1;5
1473;60.00;59,90543;1;0;1;0
1475;60.00;59,90556;1;0;1;2
1476;60.00;59,90562;1;0;1;0
1478;60.00;59,90575;1;0;1;2
1479;60.00;59,90582;1;0;1;0
1481;60.00;59,90594;1;0;1;2
1482;60.00;59,90601;1;0;1;0
1484;60.00;59,90614;1;0;1;2
1485;60.00;59,9062;1;0;1;0
1487;60.00;59,90633;1;0;1;4
1488;60.00;59,9064;1;0;1;0
1490;60.00;59,90652;1;0;1;2
1491;60.00;59,90658;1;0;1;0
1493;60.00;59,9067;1;0;1;2
1494;60.00;59,90676;1;0;1;0
1496;60.00;59,90689;1;0;1;2
1497;60.00;59,90695;1;0;1;0
1499;60.00;59,90707;1;0;1;2
1500;60.00;59,90713;1;0;1;0
1502;60.00;59,90725;1;0;1;5
1503;60.00;59,90731;1;0;1;0
1505;60.00;59,90744;1;0;1;2
1506;60.00;59,9075;1;0;1;0
1508;60.00;59,90762;1;0;1;3
1509;60.00;59,90768;1;0;1;0
1511;60.00;59,9078;1;0;1;2
1512;60.00;59,90786;1;0;1;0
1514;60.00;59,90799;1;0;1;2
1515;60.00;59,90805;1;0;1;0
1517;60.00;59,90817;1;0;1;2
1518;60.00;59,90823;1;0;1;0
1520;60.00;59,90835;1;0;1;5
1521;60.00;59,90841;1;0;1;0
1523;60.00;59,90854;1;0;1;2
1524;60.00;59,9086;1;0;1;0
1526;60.00;59,90872;1;0;1;2
1527;60.00;59,90878;1;0;1;0
1529;60.00;59,9089;1;0;1;2
1530;60.00;59,90896;1;0;1;0
1532;60.00;59,90908;1;0;1;5
1533;60.00;59,90915;1;0;1;0
1535;60.00;59,90927;1;0;1;5
1536;60.00;59,90932;1;0;1;0
1538;60.00;59,90944;1;0;1;2
1539;60.00;59,9095;1;0;1;0
1541;60.00;59,90961;1;0;1;2
1542;60.00;59,90967;1;0;1;0
1544;60.00;59,90978;1;0;1;5
1545;60.00;59,90984;1;0;1;0
1547;60.00;59,90995;1;0;1;5
1548;60.00;59,91001;1;0;1;0
1550;60.00;59,91013;1;0;1;5
1551;60.00;59,91018;1;0;1;0
1553;60.00;59,9103;1;0;1;2
1554;60.00;59,91035;1;0;1;0
1556;60.00;59,91047;1;0;1;2
1557;60.00;59,91053;1;0;1;0
1559;60.00;59,91064;1;0;1;3
1560;60.00;59,9107;1;0;1;0
1562;60.00;59,91081;1;0;1;2
1563;60.00;59,91087;1;0;1;0
1565;60.00;59,91098;1;0;1;2
1566;60.00;59,91104;1;0;1;0
1568;60.00;59,91116;1;0;1;2
1569;60.00;59,91121;1;0;1;0
1571;60.00;59,91133;1;0;1;2
1572;60.00;59,91138;1;0;1;0
1574;60.00;59,9115;1;0;1;2
1575;60.00;59,91156;1;0;1;0
1577;60.00;59,91167;1;0;1;2
1578;60.00;59,91173;1;0;1;0
1580;60.00;59,91184;1;0;1;2
1581;60.00;59,9119;1;0;1;0
1583;60.00;59,91201;1;0;1;2
1584;60.00;59,91207;1;0;1;0
1586;60.00;59,91219;1;0;1;2
1587;60.00;59,91224;1;0;1;0
1589;60.00;59,91235;1;0;1;2
1590;60.00;59,9124;1;0;1;0
1592;60.00;59,91251;1;0;1;4
1593;60.00;59,91256;1;0;1;0
1595;60.00;59,91267;1;0;1;2
1596;60.00;59,91272;1;0;1;0
1598;60.00;59,91283;1;0;1;2
1599;60.00;59,91288;1;0;1;0
1601;60.00;59,91299;1;0;1;2
1602;60.00;59,91304;1;0;1;0
1604;60.00;59,91315;1;0;1;2
1605;60.00;59,9132;1;0;1;0
1607;60.00;59,91331;1;0;1;3
1608;60.00;59,91336;1;0;1;0
1610;60.00;59,91347;1;0;1;5
1611;60.00;59,91352;1;0;1;0
1613;60.00;59,91363;1;0;1;2
1614;60.00;59,91368;1;0;1;0
1616;60.00;59,91379;1;0;1;3
1617;60.00;59,91385;1;0;1;0
1619;60.00;59,91395;1;0;1;2
1620;60.00;59,91401;1;0;1;0
1622;60.00;59,91411;1;0;1;2
1623;60.00;59,91417;1;0;1;0
1625;60.00;59,91427;1;0;1;3
1626;60.00;59,91433;1;0;1;0
1628;60.00;59,91443;1;0;1;5
1629;60.00;59,91449;1;0;1;0
1631;60.00;59,91459;1;0;1;2
1632;60.00;59,91465;1;0;1;0
1634;60.00;59,91475;1;0;1;2
1635;60.00;59,91481;1;0;1;0
1637;60.00;59,91491;1;0;1;2
1638;60.00;59,91497;1;0;1;0
1640;60.00;59,91507;1;0;1;3
1641;60.00;59,91513;1;0;1;0
1643;60.00;59,91523;1;0;1;5
1644;60.00;59,91529;1;0;1;0
1646;60.00;59,91539;1;0;1;4
1647;60.00;59,91544;1;0;1;0
1649;60.00;59,91554;1;0;1;2
1650;60.00;59,91559;1;0;1;0
1652;60.00;59,91569;1;0;1;2
1653;60.00;59,91574;1;0;1;0
1655;60.00;59,91584;1;0;1;2
1656;60.00;59,91589;1;0;1;0
1658;60.00;59,91599;1;0;1;2
1659;60.00;59,91603;1;0;1;0
1661;60.00;59,91613;1;0;1;6
1662;60.00;59,91618;1;0;1;0
1664;60.00;59,91628;1;0;1;2
1665;60.00;59,91633;1;0;1;0
1667;60.00;59,91643;1;0;1;2
1668;60.00;59,91648;1;0;1;0
1670;60.00;59,91658;1;0;1;2
1671;60.00;59,91663;1;0;1;0
1673;60.00;59,91673;1;0;1;5
1674;60.00;59,91678;1;0;1;0
1676;60.00;59,91688;1;0;1;5
1677;60.00;59,91693;1;0;1;0
1679;60.00;59,91703;1;0;1;2
1680;60.00;59,91708;1;0;1;0
1682;60.00;59,91718;1;0;1;2
1683;60.00;59,91722;1;0;1;0
1685;60.00;59,91732;1;0;1;5
1686;60.00;59,91737;1;0;1;0
1688;60.00;59,91747;1;0;1;2
1689;60.00;59,91752;1;0;1;0
1691;60.00;59,91762;1;0;1;5
1692;60.00;59,91767;1;0;1;0
1694;60.00;59,91777;1;0;1;2
1695;60.00;59,91782;1;0;1;0
1697;60.00;59,91792;1;0;1;3
1698;60.00;59,91797;1;0;1;0
1700;60.00;59,91807;1;0;1;2
1701;60.00;59,91812;1;0;1;0
1703;60.00;59,91822;1;0;1;2
1704;60.00;59,91827;1;0;1;0
1706;60.00;59,91837;1;0;1;5
1707;60.00;59,91842;1;0;1;0
1709;60.00;59,91851;1;0;1;2
1710;60.00;59,91856;1;0;1;0
1712;60.00;59,91866;1;0;1;2
1713;60.00;59,9187;1;0;1;0
1715;60.00;59,91879;1;0;1;2
1716;60.00;59,91884;1;0;1;0
1718;60.00;59,91893;1;0;1;2
1719;60.00;59,91898;1;0;1;0
1721;60.00;59,91907;1;0;1;5
1722;60.00;59,91911;1;0;1;0
1724;60.00;59,9192;1;0;1;2
1725;60.00;59,91925;1;0;1;0
1727;60.00;59,91934;1;0;1;2
1728;60.00;59,91939;1;0;1;0
1730;60.00;59,91948;1;0;1;5
1731;60.00;59,91953;1;0;1;0
1733;60.00;59,91962;1;0;1;8
1734;60.00;59,91966;1;0;1;0
1736;60.00;59,91975;1;0;1;5
1737;60.00;59,9198;1;0;1;0
1739;60.00;59,91989;1;0;1;2
1740;60.00;59,91994;1;0;1;0
1742;60.00;59,92003;1;0;1;2
1743;60.00;59,92007;1;0;1;0
1745;60.00;59,92017;1;0;1;2
1746;60.00;59,92021;1;0;1;0
1748;60.00;59,9203;1;0;1;2
1749;60.00;59,92035;1;0;1;0
1751;60.00;59,92044;1;0;1;6
1752;60.00;59,92049;1;0;1;0
1754;60.00;59,92058;1;0;1;2
1755;60.00;59,92062;1;0;1;0
1757;60.00;59,92072;1;0;1;2
1758;60.00;59,92076;1;0;1;0
1760;60.00;59,92085;1;0;1;2
1761;60.00;59,9209;1;0;1;0
1763;60.00;59,92099;1;0;1;2
1764;60.00;59,92104;1;0;1;0
1766;60.00;59,92113;1;0;1;5
1767;60.00;59,92117;1;0;1;0
1769;60.00;59,92126;1;0;1;2
1770;60.00;59,92131;1;0;1;0
1772;60.00;59,9214;1;0;1;2
1773;60.00;59,92145;1;0;1;0
1775;60.00;59,92154;1;0;1;2
1776;60.00;59,92159;1;0;1;0
1778;60.00;59,92168;1;0;1;5
1779;60.00;59,92172;1;0;1;0
1781;60.00;59,92181;1;0;1;5
1782;60.00;59,92186;1;0;1;0
1784;60.00;59,92194;1;0;1;2
1785;60.00;59,92199;1;0;1;0
1787;60.00;59,92207;1;0;1;2
1788;60.00;59,92211;1;0;1;0
1790;60.00;59,9222;1;0;1;2
1791;60.00;59,92224;1;0;1;0
1793;60.00;59,92232;1;0;1;2
1794;60.00;59,92236;1;0;1;0
1796;60.00;59,92245;1;0;1;5
1797;60.00;59,92249;1;0;1;0
1799;60.00;59,92257;1;0;1;5
1800;60.00;59,92262;1;0;1;0
1802;60.00;59,9227;1;0;1;2
1803;60.00;59,92274;1;0;1;0
1805;60.00;59,92282;1;0;1;4
1806;60.00;59,92287;1;0;1;0
1808;60.00;59,92295;1;0;1;3
1809;60.00;59,92299;1;0;1;0
1811;60.00;59,92308;1;0;1;2
1812;60.00;59,92312;1;0;1;0
1814;60.00;59,9232;1;0;1;2
1815;60.00;59,92324;1;0;1;0
1817;60.00;59,92333;1;0;1;5
1818;60.00;59,92337;1;0;1;0
1820;60.00;59,92345;1;0;1;2
1821;60.00;59,9235;1;0;1;0
1823;60.00;59,92358;1;0;1;2
1824;60.00;59,92362;1;0;1;0
1826;60.00;59,92371;1;0;1;3
1827;60.00;59,92375;1;0;1;0
1829;60.00;59,92383;1;0;1;2
1830;60.00;59,92387;1;0;1;0
1832;60.00;59,92396;1;0;1;3
1833;60.00;59,924;1;0;1;0
1835;60.00;59,92408;1;0;1;3
1836;60.00;59,92413;1;0;1;0
1838;60.00;59,92421;1;0;1;5
1839;60.00;59,92425;1;0;1;0
1841;60.00;59,92434;1;0;1;2
1842;60.00;59,92438;1;0;1;0
1844;60.00;59,92446;1;0;1;2
1845;60.00;59,9245;1;0;1;0
1847;60.00;59,92459;1;0;1;2
1848;60.00;59,92463;1;0;1;0
1850;60.00;59,92471;1;0;1;5
1851;60.00;59,92476;1;0;1;0
1853;60.00;59,92484;1;0;1;5
1854;60.00;59,92488;1;0;1;0
1856;60.00;59,92496;1;0;1;5
1857;60.00;59,92501;1;0;1;0
1859;60.00;59,92509;1;0;1;2
1860;60.00;59,92513;1;0;1;0
1862;60.00;59,92522;1;0;1;3
1863;60.00;59,92526;1;0;1;0
1865;60.00;59,92534;1;0;1;2
1866;60.00;59,92538;1;0;1;0
1868;60.00;59,92546;1;0;1;2
1869;60.00;59,9255;1;0;1;0
1871;60.00;59,92557;1;0;1;5
1872;60.00;59,92561;1;0;1;0
1874;60.00;59,92569;1;0;1;5
1875;60.00;59,92572;1;0;1;0
1877;60.00;59,9258;1;0;1;2
1878;60.00;59,92584;1;0;1;0
1880;60.00;59,92591;1;0;1;2
1881;60.00;59,92595;1;0;1;0
1883;60.00;59,92603;1;0;1;2
1884;60.00;59,92607;1;0;1;0
1886;60.00;59,92614;1;0;1;3
1887;60.00;59,92618;1;0;1;0
1889;60.00;59,92626;1;0;1;4
1890;60.00;59,9263;1;0;1;0
1892;60.00;59,92637;1;0;1;5
1893;60.00;59,92641;1;0;1;0
1895;60.00;59,92649;1;0;1;2
1896;60.00;59,92653;1;0;1;0
1898;60.00;59,9266;1;0;1;3
1899;60.00;59,92664;1;0;1;0
1901;60.00;59,92672;1;0;1;2
1902;60.00;59,92675;1;0;1;0
1904;60.00;59,92683;1;0;1;2
1905;60.00;59,92687;1;0;1;0
1907;60.00;59,92694;1;0;1;2
1908;60.00;59,92698;1;0;1;0
1910;60.00;59,92706;1;0;1;5
1911;60.00;59,9271;1;0;1;0
1913;60.00;59,92717;1;0;1;3
1914;60.00;59,92721;1;0;1;0
1916;60.00;59,92729;1;0;1;2
1917;60.00;59,92733;1;0;1;0
1919;60.00;59,9274;1;0;1;3
1920;60.00;59,92744;1;0;1;0
1922;60.00;59,92752;1;0;1;3
1923;60.00;59,92756;1;0;1;0
1925;60.00;59,92763;1;0;1;2
1926;60.00;59,92767;1;0;1;0
1928;60.00;59,92775;1;0;1;5
1929;60.00;59,92778;1;0;1;0
1931;60.00;59,92786;1;0;1;2
1932;60.00;59,9279;1;0;1;0
1934;60.00;59,92797;1;0;1;3
1935;60.00;59,92801;1;0;1;0
1937;60.00;59,92809;1;0;1;2
1938;60.00;59,92813;1;0;1;0
1940;60.00;59,9282;1;0;1;2
1941;60.00;59,92824;1;0;1;0
1943;60.00;59,92832;1;0;1;3
1944;60.00;59,92836;1;0;1;0
1946;60.00;59,92843;1;0;1;5
1947;60.00;59,92847;1;0;1;0
1949;60.00;59,92855;1;0;1;2
1950;60.00;59,92859;1;0;1;0
1952;60.00;59,92866;1;0;1;2
1953;60.00;59,9287;1;0;1;0
1955;60.00;59,92878;1;0;1;2
1956;60.00;59,92881;1;0;1;0
1958;60.00;59,92889;1;0;1;2
1959;60.00;59,92893;1;0;1;0
1961;60.00;59,929;1;0;1;5
1962;60.00;59,92904;1;0;1;0
1964;60.00;59,92911;1;0;1;5
1965;60.00;59,92914;1;0;1;0
1967;60.00;59,92921;1;0;1;2
1968;60.00;59,92924;1;0;1;0
1970;60.00;59,92931;1;0;1;3
1971;60.00;59,92935;1;0;1;0
1973;60.00;59,92942;1;0;1;2
1974;60.00;59,92945;1;0;1;0
1976;60.00;59,92952;1;0;1;2
1977;60.00;59,92955;1;0;1;0
1979;60.00;59,92962;1;0;1;3
1980;60.00;59,92966;1;0;1;0
1982;60.00;59,92973;1;0;1;5
1983;60.00;59,92976;1;0;1;0
1985;60.00;59,92983;1;0;1;5
1986;60.00;59,92986;1;0;1;0
1988;60.00;59,92993;1;0;1;2
1989;60.00;59,92997;1;0;1;0
1991;60.00;59,93003;1;0;1;3
1992;60.00;59,93007;1;0;1;0
1994;60.00;59,93014;1;0;1;2
1995;60.00;59,93017;1;0;1;0
1997;60.00;59,93024;1;0;1;2
1998;60.00;59,93027;1;0;1;0
2000;60.00;59,93034;1;0;1;2
2001;60.00;59,93038;1;0;1;0
2003;60.00;59,93045;1;0;1;5
2004;60.00;59,93048;1;0;1;0
2006;60.00;59,93055;1;0;1;2
2007;60.00;59,93058;1;0;1;0
2009;60.00;59,93065;1;0;1;2
2010;60.00;59,93069;1;0;1;0
2012;60.00;59,93076;1;0;1;2
2013;60.00;59,93079;1;0;1;0
2015;60.00;59,93086;1;0;1;2
2016;60.00;59,93089;1;0;1;0
2018;60.00;59,93096;1;0;1;5
2019;60.00;59,931;1;0;1;0
2021;60.00;59,93106;1;0;1;2
2022;60.00;59,9311;1;0;1;0
2024;60.00;59,93117;1;0;1;2
2025;60.00;59,9312;1;0;1;0
2027;60.00;59,93127;1;0;1;2
2028;60.00;59,9313;1;0;1;0
2030;60.00;59,93137;1;0;1;2
2031;60.00;59,93141;1;0;1;0
2033;60.00;59,93148;1;0;1;5
2034;60.00;59,93151;1;0;1;0
2036;60.00;59,93158;1;0;1;5
2037;60.00;59,93161;1;0;1;0
2039;60.00;59,93168;1;0;1;2
2040;60.00;59,93172;1;0;1;0
2042;60.00;59,93179;1;0;1;3
2043;60.00;59,93182;1;0;1;0
2045;60.00;59,93189;1;0;1;2
2046;60.00;59,93192;1;0;1;0
2048;60.00;59,93199;1;0;1;2
2049;60.00;59,93203;1;0;1;0
2051;60.00;59,93209;1;0;1;5
2052;60.00;59,93213;1;0;1;0
2054;60.00;59,9322;1;0;1;3
2055;60.00;59,93223;1;0;1;0
2057;60.00;59,9323;1;0;1;2
2058;60.00;59,93233;1;0;1;0
2060;60.00;59,9324;1;0;1;2
2061;60.00;59,93244;1;0;1;0
2063;60.00;59,93251;1;0;1;2
2064;60.00;59,93254;1;0;1;0
2066;60.00;59,93261;1;0;1;5
2067;60.00;59,93264;1;0;1;0
2069;60.00;59,93271;1;0;1;4
2070;60.00;59,93275;1;0;1;0
2072;60.00;59,93282;1;0;1;5
2073;60.00;59,93285;1;0;1;0
2075;60.00;59,93291;1;0;1;2
2076;60.00;59,93294;1;0;1;0
2078;60.00;59,933;1;0;1;3
2079;60.00;59,93303;1;0;1;0
2081;60.00;59,93309;1;0;1;2
2082;60.00;59,93312;1;0;1;0
2084;60.00;59,93319;1;0;1;2
2085;60.00;59,93322;1;0;1;0
2087;60.00;59,93328;1;0;1;2
2088;60.00;59,93331;1;0;1;0
2090;60.00;59,93337;1;0;1;5
2091;60.00;59,9334;1;0;1;0
2093;60.00;59,93346;1;0;1;2
2094;60.00;59,93349;1;0;1;0
2096;60.00;59,93355;1;0;1;2
2097;60.00;59,93358;1;0;1;0
2099;60.00;59,93364;1;0;1;3
2100;60.00;59,93367;1;0;1;0
2102;60.00;59,93373;1;0;1;5
2103;60.00;59,93377;1;0;1;0
2105;60.00;59,93383;1;0;1;2
2106;60.00;59,93386;1;0;1;0
2108;60.00;59,93392;1;0;1;5
2109;60.00;59,93395;1;0;1;0
2111;60.00;59,93401;1;0;1;2
2112;60.00;59,93404;1;0;1;0
2114;60.00;59,9341;1;0;1;2
2115;60.00;59,93413;1;0;1;0
2117;60.00;59,93419;1;0;1;2
2118;60.00;59,93422;1;0;1;0
2120;60.00;59,93428;1;0;1;2
2121;60.00;59,93431;1;0;1;0
2123;60.00;59,93438;1;0;1;5
2124;60.00;59,93441;1;0;1;0
2126;60.00;59,93447;1;0;1;3
2127;60.00;59,9345;1;0;1;0
2129;60.00;59,93456;1;0;1;5
2130;60.00;59,93459;1;0;1;0
2132;60.00;59,93465;1;0;1;2
2133;60.00;59,93468;1;0;1;0
2135;60.00;59,93474;1;0;1;3
2136;60.00;59,93477;1;0;1;0
2138;60.00;59,93483;1;0;1;2
2139;60.00;59,93486;1;0;1;0
2141;60.00;59,93493;1;0;1;2
2142;60.00;59,93496;1;0;1;0
2144;60.00;59,93502;1;0;1;2
2145;60.00;59,93505;1;0;1;0
2147;60.00;59,93511;1;0;1;2
2148;60.00;59,93514;1;0;1;0
2150;60.00;59,9352;1;0;1;2
2151;60.00;59,93523;1;0;1;0
2153;60.00;59,93529;1;0;1;2
2154;60.00;59,93532;1;0;1;0
2156;60.00;59,93538;1;0;1;2
2157;60.00;59,93541;1;0;1;0
2159;60.00;59,93547;1;0;1;2
2160;60.00;59,9355;1;0;1;0
2162;60.00;59,93557;1;0;1;5
2163;60.00;59,9356;1;0;1;0
2165;60.00;59,93566;1;0;1;3
2166;60.00;59,93569;1;0;1;0
2168;60.00;59,93575;1;0;1;3
2169;60.00;59,93578;1;0;1;0
2171;60.00;59,93584;1;0;1;3
2172;60.00;59,93587;1;0;1;0
2174;60.00;59,93593;1;0;1;2
2175;60.00;59,93596;1;0;1;0
2177;60.00;59,93602;1;0;1;5
2178;60.00;59,93605;1;0;1;0
2180;60.00;59,93612;1;0;1;2
2181;60.00;59,93615;1;0;1;0
2183;60.00;59,93621;1;0;1;5
2184;60.00;59,93624;1;0;1;0
2186;60.00;59,9363;1;0;1;2
2187;60.00;59,93633;1;0;1;0
2189;60.00;59,93639;1;0;1;2
2190;60.00;59,93642;1;0;1;0
2192;60.00;59,93648;1;0;1;2
2193;60.00;59,93651;1;0;1;0
2195;60.00;59,93657;1;0;1;5
2196;60.00;59,9366;1;0;1;0
2198;60.00;59,93666;1;0;1;5
2199;60.00;59,9367;1;0;1;0
2201;60.00;59,93676;1;0;1;5
2202;60.00;59,93679;1;0;1;0
2204;60.00;59,93685;1;0;1;2
2205;60.00;59,93688;1;0;1;0
2207;60.00;59,93694;1;0;1;3
2208;60.00;59,93697;1;0;1;0
2210;60.00;59,93702;1;0;1;2
2211;60.00;59,93705;1;0;1;0
2213;60.00;59,9371;1;0;1;2
2214;60.00;59,93713;1;0;1;0
2216;60.00;59,93718;1;0;1;2
2217;60.00;59,93721;1;0;1;0
2219;60.00;59,93726;1;0;1;2
2220;60.00;59,93729;1;0;1;0
2222;60.00;59,93734;1;0;1;2
2223;60.00;59,93737;1;0;1;0
2225;60.00;59,93742;1;0;1;3
2226;60.00;59,93745;1;0;1;0
2228;60.00;59,9375;1;0;1;2
2229;60.00;59,93753;1;0;1;0
2231;60.00;59,93758;1;0;1;2
2232;60.00;59,93761;1;0;1;0
2234;60.00;59,93766;1;0;1;3
2235;60.00;59,93769;1;0;1;0
2237;60.00;59,93774;1;0;1;5
2238;60.00;59,93777;1;0;1;0
2240;60.00;59,93782;1;0;1;5
2241;60.00;59,93785;1;0;1;0
2243;60.00;59,9379;1;0;1;3
2244;60.00;59,93793;1;0;1;0
2246;60.00;59,93798;1;0;1;2
2247;60.00;59,93801;1;0;1;0
2249;60.00;59,93806;1;0;1;2
2250;60.00;59,93809;1;0;1;0
2252;60.00;59,93814;1;0;1;6
2253;60.00;59,93817;1;0;1;0
2255;60.00;59,93822;1;0;1;2
2256;60.00;59,93825;1;0;1;0
2258;60.00;59,9383;1;0;1;5
2259;60.00;59,93833;1;0;1;0
2261;60.00;59,93838;1;0;1;2
2262;60.00;59,93841;1;0;1;0
2264;60.00;59,93846;1;0;1;3
2265;60.00;59,93849;1;0;1;0
2267;60.00;59,93854;1;0;1;2
2268;60.00;59,93857;1;0;1;0
2270;60.00;59,93862;1;0;1;2
2271;60.00;59,93865;1;0;1;0
2273;60.00;59,9387;1;0;1;5
2274;60.00;59,93873;1;0;1;0
2276;60.00;59,93878;1;0;1;3
2277;60.00;59,93881;1;0;1;0
2279;60.00;59,93886;1;0;1;2
2280;60.00;59,93889;1;0;1;0
2282;60.00;59,93894;1;0;1;2
2283;60.00;59,93897;1;0;1;0
2285;60.00;59,93902;1;0;1;2
2286;60.00;59,93905;1;0;1;0
2288;60.00;59,9391;1;0;1;5
2289;60.00;59,93913;1;0;1;0
2291;60.00;59,93918;1;0;1;2
2292;60.00;59,93921;1;0;1;0
2294;60.00;59,93926;1;0;1;5
2295;60.00;59,93929;1;0;1;0
2297;60.00;59,93934;1;0;1;2
2298;60.00;59,93937;1;0;1;0
2300;60.00;59,93942;1;0;1;3
2301;60.00;59,93945;1;0;1;0
2303;60.00;59,9395;1;0;1;2
2304;60.00;59,93953;1;0;1;0
2306;60.00;59,93958;1;0;1;7
2307;60.00;59,93961;1;0;1;0
2309;60.00;59,93966;1;0;1;5
2310;60.00;59,93969;1;0;1;0
2312;60.00;59,93974;1;0;1;3
2313;60.00;59,93977;1;0;1;0
2315;60.00;59,93982;1;0;1;2
2316;60.00;59,93985;1;0;1;0
2318;60.00;59,9399;1;0;1;2
2319;60.00;59,93993;1;0;1;0
2321;60.00;59,93998;1;0;1;2
2322;60.00;59,94001;1;0;1;0
2324;60.00;59,94006;1;0;1;2
2325;60.00;59,94009;1;0;1;0
2327;60.00;59,94014;1;0;1;5
2328;60.00;59,94017;1;0;1;0
2330;60.00;59,94022;1;0;1;2
2331;60.00;59,94025;1;0;1;0
2333;60.00;59,9403;1;0;1;2
2334;60.00;59,94033;1;0;1;0
2336;60.00;59,94038;1;0;1;2
2337;60.00;59,94041;1;0;1;0
2339;60.00;59,94046;1;0;1;5
2340;60.00;59,94049;1;0;1;0
2342;60.00;59,94054;1;0;1;5
2343;60.00;59,94057;1;0;1;0
2345;60.00;59,94062;1;0;1;2
2346;60.00;59,94065;1;0;1;0
2348;60.00;59,9407;1;0;1;2
2349;60.00;59,94073;1;0;1;0
2351;60.00;59,94078;1;0;1;3
2352;60.00;59,94081;1;0;1;0
2354;60.00;59,94086;1;0;1;2
2355;60.00;59,94089;1;0;1;0
2357;60.00;59,94094;1;0;1;5
2358;60.00;59,94097;1;0;1;0
2360;60.00;59,94102;1;0;1;6
2361;60.00;59,94105;1;0;1;0
2363;60.00;59,9411;1;0;1;2
2364;60.00;59,94113;1;0;1;0
2366;60.00;59,94118;1;0;1;2
2367;60.00;59,94121;1;0;1;0
2369;60.00;59,94127;1;0;1;2
2370;60.00;59,94129;1;0;1;0
2372;60.00;59,94134;1;0;1;6
2373;60.00;59,94136;1;0;1;0
2375;60.00;59,94141;1;0;1;5
2376;60.00;59,94143;1;0;1;0
2378;60.00;59,94147;1;0;1;5
2379;60.00;59,9415;1;0;1;0
2381;60.00;59,94154;1;0;1;2
2382;60.00;59,94157;1;0;1;0
2384;60.00;59,94161;1;0;1;2
2385;60.00;59,94164;1;0;1;0
2387;60.00;59,94168;1;0;1;2
2388;60.00;59,9417;1;0;1;0
2390;60.00;59,94175;1;0;1;5
2391;60.00;59,94177;1;0;1;0
2393;60.00;59,94182;1;0;1;5
2394;60.00;59,94184;1;0;1;0
2396;60.00;59,94189;1;0;1;2
2397;60.00;59,94191;1;0;1;0
2399;60.00;59,94196;1;0;1;2
2400;60.00;59,94198;1;0;1;0
2402;60.00;59,94202;1;0;1;2
2403;60.00;59,94205;1;0;1;0
2405;60.00;59,94209;1;0;1;2
2406;60.00;59,94212;1;0;1;0
2408;60.00;59,94216;1;0;1;2
2409;60.00;59,94218;1;0;1;0
2411;60.00;59,94223;1;0;1;6
2412;60.00;59,94225;1;0;1;0
2414;60.00;59,9423;1;0;1;2
2415;60.00;59,94232;1;0;1;0
2417;60.00;59,94237;1;0;1;2
2418;60.00;59,94239;1;0;1;0
2420;60.00;59,94244;1;0;1;2
2421;60.00;59,94246;1;0;1;0
2423;60.00;59,9425;1;0;1;2
2424;60.00;59,94253;1;0;1;0
2426;60.00;59,94257;1;0;1;5
2427;60.00;59,9426;1;0;1;0
2429;60.00;59,94264;1;0;1;7
2430;60.00;59,94267;1;0;1;0
2432;60.00;59,94271;1;0;1;5
2433;60.00;59,94273;1;0;1;0
2435;60.00;59,94278;1;0;1;2
2436;60.00;59,9428;1;0;1;0
2438;60.00;59,94285;1;0;1;2
2439;60.00;59,94287;1;0;1;0
2441;60.00;59,94292;1;0;1;2
2442;60.00;59,94294;1;0;1;0
2444;60.00;59,94299;1;0;1;2
2445;60.00;59,94301;1;0;1;0
2447;60.00;59,94305;1;0;1;2
2448;60.00;59,94308;1;0;1;0
2450;60.00;59,94312;1;0;1;6
2451;60.00;59,94315;1;0;1;0
2453;60.00;59,94319;1;0;1;2
2454;60.00;59,94321;1;0;1;0
2456;60.00;59,94326;1;0;1;2
2457;60.00;59,94328;1;0;1;0
2459;60.00;59,94333;1;0;1;2
2460;60.00;59,94335;1;0;1;0
2462;60.00;59,9434;1;0;1;2
2463;60.00;59,94342;1;0;1;0
2465;60.00;59,94347;1;0;1;3
2466;60.00;59,94349;1;0;1;0
2468;60.00;59,94353;1;0;1;5
2469;60.00;59,94356;1;0;1;0
2471;60.00;59,9436;1;0;1;5
2472;60.00;59,94363;1;0;1;0
2474;60.00;59,94367;1;0;1;2
2475;60.00;59,9437;1;0;1;0
2477;60.00;59,94374;1;0;1;2
2478;60.00;59,94376;1;0;1;0
2480;60.00;59,94381;1;0;1;2
2481;60.00;59,94383;1;0;1;0
2483;60.00;59,94388;1;0;1;2
2484;60.00;59,9439;1;0;1;0
2486;60.00;59,94395;1;0;1;3
2487;60.00;59,94397;1;0;1;0
2489;60.00;59,94402;1;0;1;5
2490;60.00;59,94404;1;0;1;0
2492;60.00;59,94408;1;0;1;2
2493;60.00;59,94411;1;0;1;0
2495;60.00;59,94415;1;0;1;2
2496;60.00;59,94418;1;0;1;0
2498;60.00;59,94422;1;0;1;2
2499;60.00;59,94424;1;0;1;0
2501;60.00;59,94429;1;0;1;2
2502;60.00;59,94431;1;0;1;0
2504;60.00;59,94436;1;0;1;5
2505;60.00;59,94438;1;0;1;0
2507;60.00;59,94443;1;0;1;5
2508;60.00;59,94445;1;0;1;0
2510;60.00;59,9445;1;0;1;2
2511;60.00;59,94452;1;0;1;0
2513;60.00;59,94456;1;0;1;2
2514;60.00;59,94459;1;0;1;0
2516;60.00;59,94463;1;0;1;2
2517;60.00;59,94466;1;0;1;0
2519;60.00;59,9447;1;0;1;2
2520;60.00;59,94473;1;0;1;0
2522;60.00;59,94477;1;0;1;2
2523;60.00;59,94479;1;0;1;0
2525;60.00;59,94484;1;0;1;2
2526;60.00;59,94486;1;0;1;0
2528;60.00;59,94491;1;0;1;2
2529;60.00;59,94493;1;0;1;0
2531;60.00;59,94498;1;0;1;2
2532;60.00;59,945;1;0;1;0
2534;60.00;59,94505;1;0;1;2
2535;60.00;59,94507;1;0;1;0
2537;60.00;59,94511;1;0;1;2
2538;60.00;59,94514;1;0;1;0
2540;60.00;59,94518;1;0;1;2
2541;60.00;59,94521;1;0;1;0
2543;60.00;59,94525;1;0;1;3
2544;60.00;59,94527;1;0;1;0
2546;60.00;59,94532;1;0;1;5
2547;60.00;59,94534;1;0;1;0
2549;60.00;59,94539;1;0;1;2
2550;60.00;59,94541;1;0;1;0
2552;60.00;59,94546;1;0;1;2
2553;60.00;59,94548;1;0;1;0
2555;60.00;59,94553;1;0;1;2
2556;60.00;59,94555;1;0;1;0
2558;60.00;59,94559;1;0;1;2
2559;60.00;59,94562;1;0;1;0
2561;60.00;59,94566;1;0;1;5
2562;60.00;59,94569;1;0;1;0
2564;60.00;59,94573;1;0;1;5
2565;60.00;59,94576;1;0;1;0
2567;60.00;59,9458;1;0;1;2
2568;60.00;59,94582;1;0;1;0
2570;60.00;59,94587;1;0;1;2
2571;60.00;59,94589;1;0;1;0
2573;60.00;59,94594;1;0;1;2
2574;60.00;59,94596;1;0;1;0
2576;60.00;59,94601;1;0;1;3
2577;60.00;59,94603;1;0;1;0
2579;60.00;59,94606;1;0;1;6
2580;60.00;59,94608;1;0;1;0
2582;60.00;59,94612;1;0;1;5
2583;60.00;59,94614;1;0;1;0
2585;60.00;59,94618;1;0;1;2
2586;60.00;59,9462;1;0;1;0
2588;60.00;59,94624;1;0;1;2
2589;60.00;59,94625;1;0;1;0
2591;60.00;59,94629;1;0;1;2
2592;60.00;59,94631;1;0;1;0
2594;60.00;59,94635;1;0;1;2
2595;60.00;59,94637;1;0;1;0
2597;60.00;59,94641;1;0;1;2
2598;60.00;59,94643;1;0;1;0
2600;60.00;59,94646;1;0;1;6
2601;60.00;59,94648;1;0;1;0
2603;60.00;59,94652;1;0;1;5
2604;60.00;59,94654;1;0;1;0
2606;60.00;59,94658;1;0;1;5
2607;60.00;59,9466;1;0;1;0
2609;60.00;59,94664;1;0;1;2
2610;60.00;59,94666;1;0;1;0
2612;60.00;59,94669;1;0;1;2
2613;60.00;59,94671;1;0;1;0
2615;60.00;59,94675;1;0;1;2
2616;60.00;59,94677;1;0;1;0
2618;60.00;59,94681;1;0;1;2
2619;60.00;59,94683;1;0;1;0
2621;60.00;59,94687;1;0;1;2
2622;60.00;59,94688;1;0;1;0
2624;60.00;59,94692;1;0;1;2
2625;60.00;59,94694;1;0;1;0
2627;60.00;59,94698;1;0;1;4
2628;60.00;59,947;1;0;1;0
2630;60.00;59,94704;1;0;1;2
2631;60.00;59,94706;1;0;1;0
2633;60.00;59,94709;1;0;1;2
2634;60.00;59,94711;1;0;1;0
2636;60.00;59,94715;1;0;1;2
2637;60.00;59,94717;1;0;1;0
2639;60.00;59,94721;1;0;1;5
2640;60.00;59,94723;1;0;1;0
2642;60.00;59,94727;1;0;1;2
2643;60.00;59,94728;1;0;1;0
2645;60.00;59,94732;1;0;1;2
2646;60.00;59,94734;1;0;1;0
2648;60.00;59,94738;1;0;1;2
2649;60.00;59,9474;1;0;1;0
2651;60.00;59,94744;1;0;1;5
2652;60.00;59,94746;1;0;1;0
2654;60.00;59,94749;1;0;1;3
2655;60.00;59,94751;1;0;1;0
2657;60.00;59,94755;1;0;1;5
2658;60.00;59,94757;1;0;1;0
2660;60.00;59,94761;1;0;1;2
2661;60.00;59,94763;1;0;1;0
2663;60.00;59,94767;1;0;1;2
2664;60.00;59,94769;1;0;1;0
2666;60.00;59,94772;1;0;1;2
2667;60.00;59,94774;1;0;1;0
2669;60.00;59,94778;1;0;1;6
2670;60.00;59,9478;1;0;1;0
2672;60.00;59,94784;1;0;1;6
2673;60.00;59,94786;1;0;1;0
2675;60.00;59,9479;1;0;1;7
2676;60.00;59,94791;1;0;1;0
2678;60.00;59,94795;1;0;1;3
2679;60.00;59,94797;1;0;1;0
2681;60.00;59,94801;1;0;1;4
2682;60.00;59,94803;1;0;1;0
2684;60.00;59,94807;1;0;1;3
2685;60.00;59,94809;1;0;1;0
2687;60.00;59,94812;1;0;1;3
2688;60.00;59,94814;1;0;1;0
2690;60.00;59,94818;1;0;1;3
2691;60.00;59,9482;1;0;1;0
2693;60.00;59,94824;1;0;1;6
2694;60.00;59,94826;1;0;1;0
2696;60.00;59,9483;1;0;1;4
2697;60.00;59,94831;1;0;1;0
2699;60.00;59,94835;1;0;1;3
2700;60.00;59,94837;1;0;1;0
2702;60.00;59,94841;1;0;1;3
2703;60.00;59,94843;1;0;1;0
2705;60.00;59,94847;1;0;1;3
2706;60.00;59,94849;1;0;1;0
2708;60.00;59,94852;1;0;1;3
2709;60.00;59,94854;1;0;1;0
2711;60.00;59,94858;1;0;1;7
2712;60.00;59,9486;1;0;1;0
2714;60.00;59,94864;1;0;1;6
2715;60.00;59,94866;1;0;1;0
2717;60.00;59,9487;1;0;1;3
2718;60.00;59,94872;1;0;1;0
2720;60.00;59,94875;1;0;1;2
2721;60.00;59,94877;1;0;1;0
2723;60.00;59,94881;1;0;1;4
2724;60.00;59,94883;1;0;1;0
2726;60.00;59,94887;1;0;1;3
2727;60.00;59,94889;1;0;1;0
2729;60.00;59,94893;1;0;1;6
2730;60.00;59,94894;1;0;1;0
2732;60.00;59,94898;1;0;1;3
2733;60.00;59,949;1;0;1;0
2735;60.00;59,94904;1;0;1;3
2736;60.00;59,94906;1;0;1;0
2738;60.00;59,9491;1;0;1;7
2739;60.00;59,94912;1;0;1;0
2741;60.00;59,94915;1;0;1;3
2742;60.00;59,94917;1;0;1;0
2744;60.00;59,94921;1;0;1;3
2745;60.00;59,94923;1;0;1;0
2747;60.00;59,94927;1;0;1;6
2748;60.00;59,94929;1;0;1;0
2750;60.00;59,94933;1;0;1;3
2751;60.00;59,94934;1;0;1;0
2753;60.00;59,94938;1;0;1;3
2754;60.00;59,9494;1;0;1;0
2756;60.00;59,94944;1;0;1;3
2757;60.00;59,94946;1;0;1;0
2759;60.00;59,9495;1;0;1;7
2760;60.00;59,94952;1;0;1;0
2762;60.00;59,94955;1;0;1;6
2763;60.00;59,94957;1;0;1;0
2765;60.00;59,94961;1;0;1;3
2766;60.00;59,94963;1;0;1;0
2768;60.00;59,94967;1;0;1;3
2769;60.00;59,94969;1;0;1;0
2771;60.00;59,94973;1;0;1;3
2772;60.00;59,94975;1;0;1;0
2774;60.00;59,94978;1;0;1;3
2775;60.00;59,9498;1;0;1;0
2777;60.00;59,94984;1;0;1;6
2778;60.00;59,94986;1;0;1;0
2780;60.00;59,9499;1;0;1;6
2781;60.00;59,94992;1;0;1;0
2783;60.00;59,94995;1;0;1;3
2784;60.00;59,94997;1;0;1;0
2786;60.00;59,95001;1;0;1;2
2787;60.00;59,95003;1;0;1;0
2789;60.00;59,95007;1;0;1;3
2790;60.00;59,95009;1;0;1;0
2792;60.00;59,95013;1;0;1;3
2793;60.00;59,95015;1;0;1;0
2795;60.00;59,95018;1;0;1;6
2796;60.00;59,9502;1;0;1;0
2798;60.00;59,95024;1;0;1;3
2799;60.00;59,95026;1;0;1;0
2801;60.00;59,9503;1;0;1;3
2802;60.00;59,95032;1;0;1;0
2804;60.00;59,95036;1;0;1;3
2805;60.00;59,95037;1;0;1;0
2807;60.00;59,95041;1;0;1;3
2808;60.00;59,95043;1;0;1;0
2810;60.00;59,95047;1;0;1;6
2811;60.00;59,95049;1;0;1;0
2813;60.00;59,95053;1;0;1;2
2814;60.00;59,95055;1;0;1;0
2816;60.00;59,95058;1;0;1;3
2817;60.00;59,9506;1;0;1;0
2819;60.00;59,95064;1;0;1;7
2820;60.00;59,95066;1;0;1;0
2822;60.00;59,9507;1;0;1;2
2823;60.00;59,95072;1;0;1;0
2825;60.00;59,95076;1;0;1;3
2826;60.00;59,95078;1;0;1;0
2828;60.00;59,95081;1;0;1;5
2829;60.00;59,95083;1;0;1;0
2831;60.00;59,95087;1;0;1;3
2832;60.00;59,95089;1;0;1;0
2834;60.00;59,95093;1;0;1;2
2835;60.00;59,95095;1;0;1;0
2837;60.00;59,95098;1;0;1;3
2838;60.00;59,951;1;0;1;0
2840;60.00;59,95104;1;0;1;2
2841;60.00;59,95106;1;0;1;0
2843;60.00;59,9511;1;0;1;3
2844;60.00;59,95112;1;0;1;0
2846;60.00;59,95116;1;0;1;3
2847;60.00;59,95118;1;0;1;0
2849;60.00;59,95121;1;0;1;5
2850;60.00;59,95122;1;0;1;0
2852;60.00;59,95125;1;0;1;2
2853;60.00;59,95127;1;0;1;0
2855;60.00;59,9513;1;0;1;3
2856;60.00;59,95131;1;0;1;0
2858;60.00;59,95134;1;0;1;3
2859;60.00;59,95136;1;0;1;0
2861;60.00;59,95139;1;0;1;4
2862;60.00;59,9514;1;0;1;0
2864;60.00;59,95144;1;0;1;3
2865;60.00;59,95145;1;0;1;0
2867;60.00;59,95148;1;0;1;2
2868;60.00;59,9515;1;0;1;0
2870;60.00;59,95153;1;0;1;3
2871;60.00;59,95154;1;0;1;0
2873;60.00;59,95157;1;0;1;4
2874;60.00;59,95159;1;0;1;0
2876;60.00;59,95162;1;0;1;3
2877;60.00;59,95163;1;0;1;0
2879;60.00;59,95166;1;0;1;10
2880;60.00;59,95168;1;0;1;0
2882;60.00;59,95171;1;0;1;7
2883;60.00;59,95173;1;0;1;0
2885;60.00;59,95176;1;0;1;6
2886;60.00;59,95177;1;0;1;0
2888;60.00;59,9518;1;0;1;3
2889;60.00;59,95182;1;0;1;0
2891;60.00;59,95185;1;0;1;2
2892;60.00;59,95186;1;0;1;0
2894;60.00;59,95189;1;0;1;3
2895;60.00;59,95191;1;0;1;0
2897;60.00;59,95194;1;0;1;2
2898;60.00;59,95195;1;0;1;0
2900;60.00;59,95198;1;0;1;7
2901;60.00;59,952;1;0;1;0
2903;60.00;59,95203;1;0;1;6
2904;60.00;59,95205;1;0;1;0
2906;60.00;59,95208;1;0;1;2
2907;60.00;59,95209;1;0;1;0
2909;60.00;59,95212;1;0;1;3
2910;60.00;59,95214;1;0;1;0
2912;60.00;59,95217;1;0;1;2
2913;60.00;59,95218;1;0;1;0
2915;60.00;59,95221;1;0;1;3
2916;60.00;59,95223;1;0;1;0
2918;60.00;59,95226;1;0;1;2
2919;60.00;59,95227;1;0;1;0
2921;60.00;59,9523;1;0;1;6
2922;60.00;59,95232;1;0;1;0
2924;60.00;59,95235;1;0;1;6
2925;60.00;59,95237;1;0;1;0
2927;60.00;59,9524;1;0;1;3
2928;60.00;59,95241;1;0;1;0
2930;60.00;59,95244;1;0;1;2
2931;60.00;59,95246;1;0;1;0
2933;60.00;59,95249;1;0;1;2
2934;60.00;59,9525;1;0;1;0
2936;60.00;59,95253;1;0;1;3
2937;60.00;59,95255;1;0;1;0
2939;60.00;59,95258;1;0;1;3
2940;60.00;59,95259;1;0;1;0
2942;60.00;59,95263;1;0;1;2
2943;60.00;59,95264;1;0;1;0
2945;60.00;59,95267;1;0;1;2
2946;60.00;59,95269;1;0;1;0
2948;60.00;59,95272;1;0;1;3
2949;60.00;59,95273;1;0;1;0
2951;60.00;59,95276;1;0;1;2
2952;60.00;59,95278;1;0;1;0
2954;60.00;59,95281;1;0;1;6
2955;60.00;59,95282;1;0;1;0
2957;60.00;59,95285;1;0;1;6
2958;60.00;59,95287;1;0;1;0
2960;60.00;59,9529;1;0;1;2
2961;60.00;59,95292;1;0;1;0
2963;60.00;59,95295;1;0;1;3
2964;60.00;59,95296;1;0;1;0
2966;60.00;59,95299;1;0;1;5
2967;60.00;59,95301;1;0;1;0
2969;60.00;59,95304;1;0;1;6
2970;60.00;59,95305;1;0;1;0
2972;60.00;59,95308;1;0;1;6
2973;60.00;59,9531;1;0;1;0
2975;60.00;59,95313;1;0;1;6
2976;60.00;59,95314;1;0;1;0
2978;60.00;59,95317;1;0;1;2
2979;60.00;59,95319;1;0;1;0
2981;60.00;59,95322;1;0;1;2
2982;60.00;59,95324;1;0;1;0
2984;60.00;59,95327;1;0;1;2
2985;60.00;59,95328;1;0;1;0
2987;60.00;59,95331;1;0;1;6
2988;60.00;59,95333;1;0;1;0
2990;60.00;59,95336;1;0;1;5
2991;60.00;59,95337;1;0;1;0
2993;60.00;59,9534;1;0;1;3
2994;60.00;59,95342;1;0;1;0
2996;60.00;59,95345;1;0;1;3
2997;60.00;59,95346;1;0;1;0
2999;60.00;59,9535;1;0;1;2
3000;60.00;59,95351;1;0;1;0
3002;60.00;59,95354;1;0;1;5
3003;60.00;59,95356;1;0;1;0
3005;60.00;59,95359;1;0;1;6
3006;60.00;59,9536;1;0;1;0
3008;60.00;59,95363;1;0;1;5
3009;60.00;59,95365;1;0;1;0
3011;60.00;59,95368;1;0;1;8
3012;60.00;59,95369;1;0;1;0
3014;60.00;59,95372;1;0;1;11
3015;60.00;59,95374;1;0;1;0
3017;60.00;59,95377;1;0;1;2
3018;60.00;59,95378;1;0;1;0
3020;60.00;59,95382;1;0;1;6
3021;35.22;59,94563;1;0;1;0
3023;59.94;59,94564;1;0;1;2
3024;30.02;59,93575;1;0;1;0
3026;60.00;59,93579;1;0;1;2
3027;60.00;59,93582;1;0;1;0
3029;60.00;59,92597;1;0;1;2
3030;60.00;59,92599;1;0;1;0
3032;60.00;59,92604;1;0;1;2
3033;60.00;59,92606;1;0;1;0
3035;60.00;59,92611;1;0;1;8
3036;60.00;59,92613;1;0;1;0
3038;60.00;59,92618;1;0;1;5
3039;60.00;59,9262;1;0;1;0
3041;60.00;59,92625;1;0;1;3
3042;60.00;59,92627;1;0;1;0
3044;60.00;59,92632;1;0;1;2
3045;60.00;59,92634;1;0;1;0
3047;60.00;59,92638;1;0;1;2
3048;60.00;59,92641;1;0;1;0
3050;60.00;59,92645;1;0;1;5
3051;60.00;59,92648;1;0;1;0
3053;60.00;59,92652;1;0;1;5
3054;60.00;59,92654;1;0;1;0
3056;60.00;59,92659;1;0;1;6
3057;60.00;59,92661;1;0;1;0
3059;60.00;59,92666;1;0;1;2
3060;60.00;59,92668;1;0;1;0
3062;60.00;59,92673;1;0;1;2
3063;60.00;59,92675;1;0;1;0
3065;60.00;59,9268;1;0;1;3
3066;60.00;59,92682;1;0;1;0
3068;60.00;59,92686;1;0;1;8
3069;60.00;59,92689;1;0;1;0
3071;60.00;59,92693;1;0;1;5
3072;60.00;59,92696;1;0;1;0
3074;60.00;59,927;1;0;1;6
3075;60.00;59,92702;1;0;1;0
3077;60.00;59,92707;1;0;1;2
3078;60.00;59,92709;1;0;1;0
3080;60.00;59,92714;1;0;1;2
3081;60.00;59,92716;1;0;1;0
3083;60.00;59,92721;1;0;1;3
3084;60.00;59,92723;1;0;1;0
3086;60.00;59,92728;1;0;1;5
3087;60.00;59,9273;1;0;1;0
3089;60.00;59,92735;1;0;1;9
3090;60.00;59,92737;1;0;1;0
3092;60.00;59,92741;1;0;1;7
3093;60.00;59,92744;1;0;1;0
3095;60.00;59,92748;1;0;1;5
3096;60.00;59,92751;1;0;1;0
3098;60.00;59,92755;1;0;1;5
3099;60.00;59,92757;1;0;1;0
3101;60.00;59,92762;1;0;1;4
3102;60.00;59,92764;1;0;1;0
3104;60.00;59,92769;1;0;1;5
3105;60.00;59,92771;1;0;1;0
3107;60.00;59,92776;1;0;1;5
3108;60.00;59,92778;1;0;1;0
3110;60.00;59,92783;1;0;1;7
3111;60.00;59,92785;1;0;1;0
3113;60.00;59,92789;1;0;1;6
3114;60.00;59,92792;1;0;1;0
3116;60.00;59,92796;1;0;1;3
3117;60.00;59,92799;1;0;1;0
3119;60.00;59,92803;1;0;1;3
3120;60.00;59,92805;1;0;1;0
3122;60.00;59,9281;1;0;1;2
3123;60.00;59,92812;1;0;1;0
3125;60.00;59,92817;1;0;1;5
3126;60.00;59,92819;1;0;1;0
3128;60.00;59,92824;1;0;1;7
3129;60.00;59,92826;1;0;1;0
3131;60.00;59,92831;1;0;1;2
3132;60.00;59,92833;1;0;1;0
3134;60.00;59,92838;1;0;1;2
3135;60.00;59,9284;1;0;1;0
3137;60.00;59,92844;1;0;1;3
3138;60.00;59,92847;1;0;1;0
3140;60.00;59,92851;1;0;1;8
3141;60.00;59,92854;1;0;1;0
3143;60.00;59,92858;1;0;1;2
3144;60.00;59,9286;1;0;1;0
3146;60.00;59,92865;1;0;1;4
3147;60.00;59,92867;1;0;1;0
3149;60.00;59,92872;1;0;1;7
3150;60.00;59,92874;1;0;1;0
3152;60.00;59,92879;1;0;1;3
3153;60.00;59,92881;1;0;1;0
3155;60.00;59,92886;1;0;1;3
3156;60.00;59,92888;1;0;1;0
3158;60.00;59,92892;1;0;1;2
3159;60.00;59,92895;1;0;1;0
3161;60.00;59,92899;1;0;1;2
3162;60.00;59,92902;1;0;1;0
3164;60.00;59,92906;1;0;1;10
3165;60.00;59,92908;1;0;1;0
3167;60.00;59,92913;1;0;1;6
3168;60.00;59,92915;1;0;1;0
3170;60.00;59,9292;1;0;1;2
3171;60.00;59,92922;1;0;1;0
3173;60.00;59,92927;1;0;1;3
3174;60.00;59,92929;1;0;1;0
3176;60.00;59,92934;1;0;1;2
3177;60.00;59,92936;1;0;1;0
3179;60.00;59,92941;1;0;1;8
3180;60.00;59,92943;1;0;1;0
3182;60.00;59,92947;1;0;1;6
3183;60.00;59,9295;1;0;1;0
3185;60.00;59,92954;1;0;1;2
3186;60.00;59,92957;1;0;1;0
3188;60.00;59,92961;1;0;1;4
3189;60.00;59,92963;1;0;1;0
3191;60.00;59,92968;1;0;1;3
3192;60.00;59,9297;1;0;1;0
3194;60.00;59,92975;1;0;1;5
3195;60.00;59,92977;1;0;1;0
3197;60.00;59,92982;1;0;1;2
3198;60.00;59,92984;1;0;1;0
3200;60.00;59,92989;1;0;1;4
3201;60.00;59,92991;1;0;1;0
3203;60.00;59,92995;1;0;1;5
3204;60.00;59,92998;1;0;1;0
3206;60.00;59,93002;1;0;1;5
3207;60.00;59,93005;1;0;1;0
3209;60.00;59,93009;1;0;1;2
3210;60.00;59,93011;1;0;1;0
3212;60.00;59,93016;1;0;1;2
3213;60.00;59,93018;1;0;1;0
3215;60.00;59,93023;1;0;1;3
3216;60.00;59,93025;1;0;1;0
3218;60.00;59,9303;1;0;1;5
3219;60.00;59,93032;1;0;1;0
3221;60.00;59,93037;1;0;1;3
3222;60.00;59,93039;1;0;1;0
3224;60.00;59,93044;1;0;1;3
3225;60.00;59,93046;1;0;1;0
3227;60.00;59,9305;1;0;1;3
3228;60.00;59,93053;1;0;1;0
3230;60.00;59,93057;1;0;1;2
3231;60.00;59,9306;1;0;1;0
3233;60.00;59,93064;1;0;1;2
3234;60.00;59,93066;1;0;1;0
3236;60.00;59,93071;1;0;1;5
3237;60.00;59,93073;1;0;1;0
3239;60.00;59,93078;1;0;1;2
3240;60.00;59,9308;1;0;1;0
3242;60.00;59,93085;1;0;1;2
3243;60.00;59,93087;1;0;1;0
3245;60.00;59,93092;1;0;1;3
3246;60.00;59,93094;1;0;1;0
3248;60.00;59,93098;1;0;1;2
3249;60.00;59,93101;1;0;1;0
3251;60.00;59,93105;1;0;1;3
3252;60.00;59,93108;1;0;1;0
3254;60.00;59,93112;1;0;1;6
3255;60.00;59,93114;1;0;1;0
3257;60.00;59,93119;1;0;1;3
3258;60.00;59,93121;1;0;1;0
3260;60.00;59,93126;1;0;1;2
3261;60.00;59,93128;1;0;1;0
3263;60.00;59,93133;1;0;1;2
3264;60.00;59,93135;1;0;1;0
3266;60.00;59,9314;1;0;1;3
3267;60.00;59,93142;1;0;1;0
3269;60.00;59,93147;1;0;1;3
3270;60.00;59,93148;1;0;1;0
3272;60.00;59,93152;1;0;1;3
