1;0.34;0,3444041;61;0;4;0
2;16.22;8,283989;61;0;3;0
3;1.12;5,896534;61;0;2;0
4;13.59;7,81902;61;0;1;0
5;38.80;14,01509;61;0;1;0
6;84.70;25,79528;61;0;1;0
7;80.96;33,67584;61;0;1;0
8;73.48;38,65085;61;0;1;0
9;80.52;43,30339;61;0;1;0
10;78.43;46,81564;61;0;1;0
11;82.47;50,05727;61;0;1;0
12;66.95;51,46538;61;0;1;0
13;83.39;53,92136;61;0;1;0
14;86.86;56,27427;61;0;2;0
15;89.19;58,46856;61;0;3;0
16;91.13;60,51007;61;0;4;0
17;79.57;61,63138;61;0;5;0
18;79.41;62,619;61;0;6;0
19;88.35;63,97347;61;0;7;0
20;80.61;64,80544;61;0;8;0
21;80.25;65,54103;61;0;9;0
22;78.68;66,13834;61;0;10;0
23;93.04;67,30778;61;0;10;0
24;88.57;68,19387;61;0;10;0
25;80.42;68,68295;61;0;10;0
26;87.06;69,38973;61;0;10;0
27;79.43;69,7616;61;0;10;0
28;88.94;70,44658;61;0;10;0
29;89.45;71,10196;61;0;10;0
30;81.76;71,45715;61;0;10;0
31;74.08;71,54186;61;0;10;0
32;50.51;73,16025;61;0;10;0
33;59.98;74,57163;61;0;10;0
34;53.09;76,24796;61;0;10;0
35;77.94;78,32388;61;0;10;0
36;76.96;79,55482;61;0;10;0
37;95.26;79,89543;61;0;10;0
38;73.05;79,64021;61;0;10;0
39;75.94;79,71957;61;0;10;0
40;73.36;79,48855;61;0;10;0
41;76.84;79,43729;61;0;10;0
42;79.86;79,35296;61;0;10;0
43;84.65;79,92381;61;0;10;0
44;59.21;79,14365;61;0;10;0
45;73.09;78,69923;61;0;10;0
46;70.56;78,09836;61;0;10;0
47;59.01;77,06209;62;0;10;0
48;52.61;76,19238;62;0;10;0
49;76.19;76,08859;62;0;10;0
50;73.76;75,61775;62;0;10;0
51;66.69;75,16862;62;0;10;0
52;67.75;74,76532;62;0;10;0
53;52.48;73,92001;62;0;10;0
54;42.75;72,2979;62;0;10;0
55;54.96;71,21371;62;0;10;0
56;77.33;71,11396;62;0;10;0
57;77.86;70,81705;62;0;10;0
58;74.13;70,64597;62;0;10;0
59;66.53;69,9231;62;0;10;0
60;68.32;69,24139;62;0;10;0
61;67.67;68,78703;62;0;10;0
62;74.40;68,79734;62;0;10;0
63;65.17;69,27025;62;0;10;0
64;63.87;69,39594;62;0;10;0
65;70.40;69,95456;62;0;10;0
66;85.00;70,18223;62;0;10;0
67;79.40;70,2611;62;0;10;0
68;67.94;69,38011;62;0;10;0
69;74.37;69,42269;62;0;10;0
70;87.56;69,79763;62;0;10;0
71;77.90;69,94386;62;0;10;0
72;88.96;70,33509;62;0;10;0
73;93.24;70,76665;62;0;10;0
74;87.46;70,8572;62;0;10;0
75;67.06;71,11047;62;0;10;0
76;73.57;71,12617;62;0;10;0
77;74.74;71,26081;62;0;10;0
78;80.49;71,95369;62;0;10;0
79;68.88;72,47842;62;0;10;0
80;73.97;72,40672;62;0;10;0
81;71.41;72,33089;62;0;10;0
82;65.15;72,28118;62;0;10;0
83;67.92;72,28668;62;0;10;0
84;76.79;73,07085;62;0;10;0
85;61.77;73,68444;62;0;10;0
86;70.39;74,18188;62;0;10;0
87;62.35;73,69865;62;0;10;0
88;73.65;73,56282;62;0;10;0
89;66.64;73,3213;62;0;10;0
90;70.89;73,46174;62;0;10;0
91;71.29;73,5576;62;0;10;0
92;66.07;73,50596;62;0;10;0
93;71.13;73,40054;62;0;10;0
94;71.32;73,59883;62;0;10;0
95;77.83;74,04903;62;0;10;0
96;80.75;74,38267;62;0;10;0
97;78.93;74,18702;61;0;10;0
98;48.34;73,18506;61;0;10;0
99;74.95;73,4111;61;0;10;0
100;65.42;73,12253;61;0;10;0
101;69.06;72,52573;61;0;10;0
102;68.25;72,21461;61;0;10;0
103;61.01;71,31294;61;0;10;0
104;78.52;70,83823;61;0;10;0
105;89.78;70,91304;61;0;10;0
106;86.71;71,54683;61;0;10;0
107;84.14;71,88778;61;0;10;0
108;79.60;72,04465;61;0;10;0
109;73.14;71,80779;61;0;10;0
110;69.20;71,81834;61;0;10;0
111;74.78;71,84451;61;0;10;0
112;76.36;72,00423;61;0;10;0
113;89.15;72,77849;61;0;10;0
114;99.58;73,79982;61;0;10;0
115;92.32;74,30096;61;0;10;0
116;88.09;75,14989;61;0;10;0
117;87.62;75,70588;61;0;10;0
118;97.04;76,82513;61;0;10;0
119;80.76;77,05472;61;0;10;0
120;96.66;78,02328;61;0;10;0
121;94.48;78,7845;61;0;10;0
122;96.23;79,58886;61;0;10;0
123;97.52;80,60326;61;0;10;0
124;95.20;81,37954;61;0;10;0
125;97.15;82,21264;61;0;10;0
126;93.05;82,70354;61;0;10;0
127;87.57;82,92348;61;0;10;0
128;82.32;83,03272;61;0;10;0
129;81.40;84,09917;61;0;10;0
130;83.63;84,3792;61;0;10;0
131;86.15;85,04801;61;0;10;0
132;87.82;85,65329;61;0;10;0
133;92.82;86,44585;61;0;10;0
134;78.31;87,00381;61;0;10;0
135;95.92;87,56498;61;0;10;0
136;98.76;87,85485;61;0;10;0
137;95.94;88,15261;61;0;10;0
138;97.05;88,5689;61;0;10;0
139;94.91;89,06288;61;0;10;0
140;94.36;89,74738;61;0;10;0
141;96.69;90,63413;61;0;10;0
142;95.50;91,30241;61;0;10;0
143;98.18;92,00648;61;0;10;0
144;95.03;92,19608;61;0;10;0
145;95.86;92,07608;61;0;10;0
146;98.64;92,28004;61;0;10;0
147;99.11;92,63549;61;0;10;0
148;45.44;91,27466;61;0;10;0
149;78.02;90,66103;61;0;10;0
150;85.37;90,80952;61;0;10;0
151;85.73;90,45683;61;0;10;0
152;83.99;90,11845;61;0;10;0
153;81.63;89,64772;61;0;10;0
154;87.82;89,33493;61;0;10;0
155;51.46;87,92387;61;0;10;0
1;0.32;0,3240949;61;0;4;0
2;14.97;7,646394;61;0;3;0
3;1.30;5,531229;61;0;2;0
4;15.35;7,986852;61;0;1;0
5;47.46;15,88224;61;0;1;0
6;64.11;23,92046;61;0;1;0
7;70.35;30,55293;61;0;1;0
8;65.76;34,95436;61;0;1;0
9;81.01;40,07155;61;0;1;0
10;82.33;44,29694;61;0;1;0
11;83.96;47,90308;61;0;1;0
12;86.50;51,11955;61;0;1;0
13;76.98;53,10913;61;0;1;0
14;77.10;54,82241;61;0;1;0
15;79.54;56,47054;61;0;2;0
16;70.05;57,3195;61;0;3;0
17;81.35;58,73285;61;0;4;0
18;82.07;60,02948;61;0;5;0
19;77.51;60,94953;61;0;6;0
20;84.84;62,1439;61;0;7;0
21;79.98;62,99343;61;0;8;0
22;81.55;63,83707;61;0;9;0
23;91.99;65,06131;61;0;10;0
24;85.75;65,92344;61;0;10;0
25;88.11;66,81091;61;0;10;0
26;90.28;67,71365;61;0;10;0
27;85.50;68,37246;61;0;10;0
28;85.26;68,97546;61;0;10;0
29;79.80;69,34871;61;0;10;0
30;80.26;69,71255;61;0;10;0
31;83.27;70,14973;61;0;10;0
32;80.73;72,74337;61;0;10;0
33;79.59;74,82787;61;0;10;0
34;86.26;77,5684;61;0;10;0
35;79.70;79,64419;61;0;10;0
36;87.11;80,923;61;0;10;0
37;79.32;81,4136;61;0;10;0
38;80.10;81,72832;61;0;10;0
39;77.92;82,12059;61;0;10;0
40;73.83;81,8889;61;0;10;0
41;75.37;81,66457;61;0;10;0
42;76.84;81,43478;61;0;10;0
43;71.32;80,94521;61;0;10;0
44;75.56;80,89935;61;0;10;0
45;77.66;80,91759;61;0;10;0
46;74.97;80,77016;61;0;10;0
47;75.87;80,95792;61;0;10;0
48;78.95;80,88068;61;0;10;0
49;68.83;80,45348;61;0;10;0
50;84.48;80,67829;61;0;10;0
51;52.79;79,64463;61;0;10;0
52;76.42;79,52951;61;0;10;0
53;62.98;78,93047;61;0;10;0
54;62.70;77,9855;61;0;10;0
55;69.10;77,44831;61;0;10;0
56;77.82;77,1162;61;0;10;0
57;74.20;76,59741;61;0;10;0
58;60.03;75,77565;61;0;10;0
59;31.67;74,04713;61;0;10;0
60;53.68;73,2046;61;0;10;0
61;47.83;72,1582;61;0;10;0
62;57.40;71,32388;61;0;10;0
63;57.47;70,57354;61;0;10;0
64;58.89;69,90584;61;0;10;0
65;44.94;68,57298;61;0;10;0
66;58.13;67,87707;61;0;10;0
67;59.31;66,98046;61;0;10;0
68;38.89;65,6764;61;0;10;0
69;54.84;64,86156;61;0;10;0
70;38.33;63,58417;61;0;10;0
71;62.99;63,2345;61;0;10;0
72;76.15;63,25946;61;0;10;0
73;72.22;63,11037;61;0;10;0
74;68.66;63,02444;61;0;10;0
75;77.65;63,09175;61;0;10;0
76;73.21;62,94818;61;0;10;0
77;76.49;62,99715;61;0;10;0
78;70.71;62,83072;61;0;10;0
79;57.99;62,15462;61;0;10;0
80;63.84;61,99357;61;0;10;0
81;65.58;61,38406;61;0;10;0
82;67.06;61,84426;61;0;10;0
83;67.35;61,55169;61;0;10;0
84;65.27;61,62541;61;0;10;0
85;65.90;61,72864;61;0;10;0
86;66.01;61,62893;61;0;10;0
87;65.44;61,22987;61;0;10;0
88;59.59;60,75859;61;0;10;0
89;66.54;60,96873;61;0;10;0
90;69.70;62,19528;61;0;10;0
91;70.10;62,72488;61;0;10;0
92;62.11;63,18569;61;0;10;0
93;52.79;63,03694;61;0;10;0
94;56.17;62,99509;61;0;10;0
95;58.21;62,97304;61;0;10;0
96;65.77;63,64494;61;0;10;0
97;67.55;63,94873;61;0;10;0
98;62.52;64,05212;61;0;10;0
99;64.08;64,86454;61;0;10;0
100;60.35;65,04203;61;0;10;0
101;82.04;66,45217;61;0;10;0
102;67.55;66,59928;61;0;10;0
103;74.44;66,54437;61;0;10;0
104;69.59;66,4594;61;0;10;0
105;66.67;66,3951;61;0;10;0
106;73.71;66,26802;61;0;10;0
107;73.96;66,29218;61;0;10;0
108;63.99;65,8889;61;0;10;0
109;65.55;65,72243;61;0;10;0
110;67.28;66,02217;61;0;10;0
111;85.01;66,70523;61;0;10;0
112;73.29;66,95383;62;0;10;0
113;62.22;66,79784;62;0;10;0
114;61.00;66,59303;62;0;10;0
115;66.39;66,62924;62;0;10;0
116;78.01;67,01995;62;0;10;0
117;73.60;67,26484;62;0;10;0
118;77.42;67,65122;62;0;10;0
119;82.46;68,38886;62;0;10;0
120;82.90;68,91657;62;0;10;0
121;74.23;69,06293;62;0;10;0
122;79.63;69,37025;62;0;10;0
123;85.63;70,12892;62;0;10;0
124;87.80;71,25823;62;0;10;0
125;64.69;71,53305;62;0;10;0
126;80.50;72,2522;62;0;10;0
127;87.90;72,96618;62;0;10;0
128;85.69;73,55151;62;0;10;0
129;74.47;73,93691;62;0;10;0
130;81.01;74,48296;62;0;10;0
131;77.56;75,03822;62;0;10;0
132;77.33;74,88644;62;0;10;0
133;76.91;75,18837;62;0;10;0
134;71.28;75,08643;62;0;10;0
135;84.32;75,56184;62;0;10;0
136;81.20;76,03075;62;0;10;0
137;77.05;76,13851;62;0;10;0
138;78.99;76,30078;62;0;10;0
139;79.87;76,8129;62;0;10;0
140;79.38;77,25883;62;0;10;0
141;79.24;77,64451;62;0;10;0
142;76.12;77,35771;62;0;10;0
143;83.98;77,70254;62;0;10;0
144;80.61;78,29547;62;0;10;0
145;76.64;78,80025;62;0;10;0
146;80.26;79,24771;62;0;10;0
147;76.97;79,214;62;0;10;0
148;82.22;79,49218;62;0;10;0
149;87.77;79,82594;62;0;10;0
150;88.04;80,00605;62;0;10;0
151;88.81;80,19678;62;0;10;0
152;81.95;80,44557;62;0;10;0
153;90.53;80,79717;62;0;10;0
154;63.36;80,07896;62;0;10;0
155;82.94;79,92226;62;0;10;0
156;64.24;79,90765;62;0;10;0
157;73.69;79,68785;62;0;10;0
158;67.38;79,02589;62;0;10;0
159;76.84;78,7404;62;0;10;0
160;70.46;78,61119;62;0;10;0
161;66.33;78,13785;62;0;10;0
162;81.57;78,26707;62;0;10;0
163;79.85;78,3483;62;0;10;0
164;80.24;78,45577;62;0;10;0
165;83.97;78,865;62;0;10;0
166;82.84;78,81709;62;0;10;0
167;80.48;78,79384;62;0;10;0
168;79.58;78,87544;62;0;10;0
169;73.10;78,68553;62;0;10;0
170;77.67;78,61464;62;0;10;0
171;77.94;78,56822;62;0;10;0
172;71.74;78,32639;62;0;10;0
173;70.02;78,12955;62;0;10;0
174;68.90;77,64302;62;0;10;0
175;78.07;77,56122;62;0;10;0
176;66.50;77,23413;62;0;10;0
177;72.64;76,98819;62;0;10;0
178;63.37;76,5496;62;0;10;0
179;78.70;76,43598;60;0;10;0
180;63.44;75,65125;60;0;10;0
181;71.52;75,11826;60;0;10;0
182;67.52;74,43137;60;0;10;0
183;74.54;74,19252;60;0;10;0
184;78.62;73,80845;60;0;10;0
185;78.47;74,29581;60;0;10;0
186;72.17;73,94836;60;0;10;0
187;60.64;73,83229;60;0;10;0
188;83.32;74,14295;61;0;10;0
189;79.14;74,52242;61;0;10;0
190;81.39;74,66927;61;0;10;0
191;84.09;75,10894;61;0;10;0
192;86.38;75,75574;61;0;10;0
193;89.35;76,00692;61;0;10;0
194;81.57;76,0622;61;0;10;0
195;82.36;76,13064;61;0;10;0
196;82.97;76,0983;61;0;10;0
197;76.67;75,89941;61;0;10;0
198;64.04;75,36894;61;0;10;0
199;70.25;75,06811;61;0;10;0
200;82.01;75,3556;61;0;10;0
201;88.84;75,71598;61;0;10;0
202;71.75;75,51628;61;0;10;0
203;81.48;75,83035;61;0;10;0
204;67.48;75,74848;61;0;10;0
205;70.78;75,80909;61;0;10;0
206;66.61;75,43953;61;0;10;0
207;63.54;75,34389;61;0;10;0
208;68.55;75,21192;61;0;10;0
209;72.21;75,49712;61;0;10;0
210;70.74;75,24022;61;0;10;0
211;71.84;75,51108;61;0;10;0
212;71.35;75,50553;61;0;10;0
213;63.38;75,37203;61;0;10;0
214;70.24;75,23321;61;0;10;0
215;70.44;74,96923;61;0;10;0
216;78.17;74,95931;61;0;10;0
217;80.97;75,24326;61;0;10;0
218;80.36;75,87941;61;0;10;0
219;42.79;74,57202;61;0;10;0
220;51.27;73,67278;61;0;10;0
221;94.23;74,0869;61;0;10;0
222;136.04;75,76264;61;0;10;0
223;116.60;76,73724;61;0;10;0
224;88.96;76,72455;61;0;10;0
225;119.92;77,96187;61;0;10;0
226;95.53;78,38663;61;0;10;0
227;90.09;78,61652;61;0;10;0
228;114.08;79,8232;61;0;10;0
229;99.15;80,95571;61;0;10;0
230;134.70;83,03468;61;0;10;0
231;95.69;83,47578;61;0;10;0
232;93.68;83,632;61;0;10;0
233;114.51;85,01138;61;0;10;0
234;78.77;84,92399;61;0;10;0
235;80.19;85,33379;61;0;10;0
236;112.05;86,66514;61;0;10;0
237;96.72;87,63631;61;0;10;0
238;98.97;88,77937;61;0;10;0
239;136.45;90,96977;61;0;10;0
240;84.16;91,35517;61;0;10;0
241;126.10;93,14112;61;0;10;0
242;94.57;93,87425;61;0;10;0
243;93.15;94,57771;61;0;10;0
244;127.83;96,65671;61;0;10;0
245;93.83;97,41786;61;0;10;0
246;84.61;97,87518;61;0;10;0
247;132.78;99,63687;61;0;10;0
248;85.76;99,79121;61;0;10;0
249;77.29;99,69221;61;0;10;0
250;122.26;102,2559;61;0;10;0
251;85.33;103,3547;61;0;10;0
252;100.95;103,5714;61;0;10;0
253;119.12;103,0258;61;0;10;0
254;83.58;101,9606;61;0;10;0
255;110.78;102,6645;61;0;10;0
256;109.06;102,3142;61;0;10;0
257;94.79;102,2903;61;0;10;0
258;131.91;103,6391;61;0;10;0
259;87.32;102,7759;61;0;10;0
260;117.85;103,3794;61;0;10;0
261;111.74;102,6387;61;0;10;0
262;96.83;102,6754;61;0;10;0
263;133.95;103,9744;61;0;10;0
264;89.26;103,1599;62;0;10;0
265;117.05;104,3948;62;0;10;0
266;89.62;104,6992;62;0;10;0
267;71.68;103,3971;62;0;10;0
268;104.15;103,6368;62;0;10;0
269;112.93;104,0871;62;0;10;0
270;97.30;102,8242;62;0;10;0
271;126.95;104,2044;62;0;10;0
272;104.44;103,5056;62;0;10;0
273;82.47;103,1156;62;0;10;0
274;127.98;104,2391;62;0;10;0
275;87.91;102,9513;62;0;10;0
276;91.84;102,8871;62;0;10;0
277;93.52;103,1745;62;0;10;0
278;88.74;101,7538;62;0;10;0
279;68.44;101,1951;62;0;10;0
280;65.36;100,8103;62;0;10;0
281;66.48;99,011;62;0;10;0
282;106.83;99,70457;62;0;10;0
283;78.63;98,98449;62;0;10;0
284;98.16;98,30824;62;0;10;0
285;90.35;98,52682;62;0;10;0
286;105.27;98,34914;62;0;10;0
287;101.79;98,11439;62;0;10;0
288;68.74;97,27419;62;0;10;0
289;95.03;96,08473;62;0;10;0
290;74.09;95,65805;62;0;10;0
291;119.07;95,69734;62;0;10;0
292;79.47;94,6563;62;0;10;0
293;99.86;94,75423;62;0;10;0
294;93.57;93,45155;62;0;10;0
295;81.77;93,21;62;0;10;0
296;99.97;92,65885;62;0;10;0
297;103.64;93,11114;62;0;10;0
298;88.80;93,66315;62;0;10;0
299;72.05;92,62762;62;0;10;0
300;105.51;92,38822;62;0;10;0
301;79.62;91,81805;62;0;10;0
302;110.15;91,27631;62;0;10;0
303;85.77;90,67413;62;0;10;0
304;142.51;92,61069;62;0;10;0
305;86.07;91,25871;62;0;10;0
306;135.02;92,77836;62;0;10;0
307;90.07;92,72105;62;0;10;0
308;97.69;92,8556;62;0;10;0
309;111.96;93,60471;62;0;10;0
310;101.84;94,68216;62;0;10;0
311;84.11;95,28696;62;0;10;0
312;123.09;97,113;62;0;10;0
313;69.42;95,90606;62;0;10;0
314;136.37;97,76864;62;0;10;0
315;111.08;98,18545;62;0;10;0
316;86.25;98,05305;62;0;10;0
317;138.54;99,12627;62;0;10;0
318;95.89;98,93599;62;0;10;0
319;96.11;99,81879;62;0;10;0
320;120.52;100,6411;62;0;10;0
321;93.48;101,2665;62;0;10;0
322;110.11;100,9773;62;0;10;0
323;106.24;101,841;62;0;10;0
324;77.39;101,1161;62;0;10;0
325;102.83;101,4149;62;0;10;0
326;109.16;102,2983;62;0;10;0
327;89.93;101,9744;62;0;10;0
328;109.53;102,1642;62;0;10;0
329;95.98;102,3959;62;0;10;0
330;95.03;103,137;62;0;10;0
331;113.89;103,4072;62;0;10;0
332;91.42;103,7877;61;0;10;0
333;78.42;102,764;61;0;10;0
334;132.43;104,269;61;0;10;0
335;96.06;102,7705;61;0;10;0
336;73.67;102,3704;61;0;10;0
337;96.11;101,1153;61;0;10;0
338;125.64;102,263;61;0;10;0
339;71.09;101,405;61;0;10;0
340;101.32;101,0619;61;0;10;0
341;133.84;102,0941;61;0;10;0
342;78.00;101,8968;61;0;10;0
343;121.92;101,859;61;0;10;0
344;92.53;102,6048;61;0;10;0
345;94.84;101,2651;61;0;10;0
346;120.82;101,5794;61;0;10;0
347;81.70;101,4326;61;0;10;0
348;81.33;99,58711;61;0;10;0
349;104.58;99,86749;61;0;10;0
350;88.75;99,62994;61;0;10;0
351;84.85;98,47928;61;0;10;0
352;113.08;99,11155;61;0;10;0
353;93.95;98,59016;61;0;10;0
354;93.73;98,18666;61;0;10;0
355;110.24;99,24619;61;0;10;0
356;93.51;98,94569;61;0;10;0
357;110.40;98,9856;61;0;10;0
358;133.71;100,3981;61;0;10;0
359;84.64;99,59517;61;0;10;0
360;116.75;100,2654;61;0;10;0
361;98.12;100,3652;61;0;10;0
362;80.86;99,29983;61;0;10;0
363;126.74;100,4392;61;0;10;0
364;90.97;100,8443;61;0;10;0
365;93.44;99,58659;61;0;10;0
366;124.64;100,5086;61;0;10;0
367;79.59;100,6998;61;0;10;0
368;89.92;100,5001;61;0;10;0
369;141.02;100,9962;61;0;10;0
370;81.58;101,3345;61;0;10;0
371;110.35;101,6256;62;0;10;0
372;98.70;100,4923;62;0;10;0
373;82.43;100,6354;62;0;10;0
374;141.83;101,2778;62;0;10;0
375;76.22;100,7516;62;0;10;0
376;74.42;100,0928;62;0;10;0
377;120.84;100,0933;62;0;10;0
378;125.13;101,4942;62;0;10;0
379;77.89;101,3834;62;0;10;0
380;111.00;101,5905;62;0;10;0
381;110.41;102,2894;62;0;10;0
382;93.65;102,5731;62;0;10;0
383;137.86;103,3725;62;0;10;0
384;71.19;102,6386;62;0;10;0
385;75.75;102,0586;62;0;10;0
386;103.12;101,8291;62;0;10;0
387;106.10;102,2349;62;0;10;0
388;107.95;102,1561;62;0;10;0
389;57.51;99,69803;62;0;10;0
390;138.24;101,4271;62;0;10;0
391;86.57;100,4535;62;0;10;0
392;93.40;100,3011;62;0;10;0
393;113.54;101,3553;62;0;10;0
394;90.87;100,1982;62;0;10;0
395;122.68;101,2211;62;0;10;0
396;95.79;101,297;62;0;10;0
397;74.55;99,68122;62;0;10;0
398;121.67;101,0385;62;0;10;0
399;76.53;100,6066;62;0;10;0
400;78.03;98,57462;62;0;10;0
401;81.77;98,58073;62;0;10;0
402;98.17;98,18783;62;0;10;0
403;88.25;97,85067;62;0;10;0
404;67.24;97,36051;62;0;10;0
405;69.92;95,04064;62;0;10;0
406;77.12;95,06953;62;0;10;0
407;101.24;95,93498;62;0;10;0
408;103.16;95,36476;62;0;10;0
409;79.38;93,88892;62;0;10;0
410;55.37;93,16222;62;0;10;0
411;59.43;91,4986;62;0;10;0
412;78.75;90,47711;62;0;10;0
413;88.63;90,31516;62;0;10;0
414;110.11;89,41979;62;0;10;0
415;85.67;89,88664;62;0;10;0
416;76.31;89,90475;62;0;10;0
417;104.44;89,9472;62;0;10;0
418;99.43;89,73219;62;0;10;0
419;88.34;89,09959;62;0;10;0
420;98.95;90,43623;62;0;10;0
421;116.56;89,73689;62;0;10;0
422;69.62;89,19004;62;0;10;0
423;97.40;89,31934;62;0;10;0
424;128.31;89,79567;62;0;10;0
425;68.00;89,05779;62;0;10;0
426;88.33;87,94966;62;0;10;0
427;115.16;88,57446;62;0;10;0
428;76.39;88,63399;62;0;10;0
429;85.89;87,47978;62;0;10;0
430;73.69;87,38813;62;0;10;0
431;123.35;88,85006;62;0;10;0
432;81.73;88,8489;62;0;10;0
433;78.63;88,21874;61;0;10;0
434;103.84;88,72145;61;0;10;0
435;107.56;90,02218;61;0;10;0
436;71.08;90,05975;61;0;10;0
437;96.15;90,67367;61;0;10;0
438;94.30;90,44965;61;0;10;0
439;77.67;89,62739;61;0;10;0
440;61.54;89,05204;61;0;10;0
441;74.53;89,67025;61;0;10;0
442;80.52;90,3506;61;0;10;0
443;101.45;91,08309;61;0;10;0
444;82.91;90,8988;61;0;10;0
445;71.91;89,66676;61;0;10;0
446;69.66;89,15034;61;0;10;0
447;73.84;89,07057;61;0;10;0
448;121.76;89,6294;61;0;10;0
449;84.24;89,13936;61;0;10;0
450;75.40;88,72192;61;0;10;0
451;60.33;87,47609;61;0;10;0
452;94.92;86,77804;61;0;10;0
453;86.89;87,33508;61;0;10;0
454;89.47;87,07931;61;0;10;0
455;79.84;85,5158;61;0;10;0
456;79.64;85,8913;61;0;10;0
457;73.95;85,4274;61;0;10;0
458;109.01;85,2289;62;0;10;0
459;67.74;84,94968;62;0;10;0
460;68.77;84,39751;62;0;10;0
461;61.17;83,99345;62;0;10;0
462;78.16;82,5356;62;0;10;0
463;95.76;82,98801;62;0;10;0
464;114.05;84,13037;62;0;10;0
465;66.07;82,91225;62;0;10;0
466;94.73;82,49827;62;0;10;0
467;141.31;84,76375;62;0;10;0
468;88.40;84,51389;62;0;10;0
469;75.00;83,89125;62;0;10;0
470;115.77;85,12015;62;0;10;0
471;93.45;86,14965;62;0;10;0
472;82.58;86,40922;62;0;10;0
473;131.57;88,0561;62;0;10;0
474;88.59;87,6412;62;0;10;0
475;80.41;87,56044;62;0;10;0
476;103.09;88,56619;62;0;10;0
477;125.93;90,38136;62;0;10;0
478;75.96;90,44984;62;0;10;0
479;96.49;89,63467;62;0;10;0
480;123.96;90,9161;62;0;10;0
481;78.05;91,00136;62;0;10;0
482;95.36;92,13152;62;0;10;0
483;123.87;93,06525;62;0;10;0
484;73.98;92,64875;62;0;10;0
485;99.16;92,96108;62;0;10;0
486;124.32;94,39609;62;0;10;0
487;86.73;94,62503;62;0;10;0
488;93.24;95,24718;62;0;10;0
489;109.96;95,27773;62;0;10;0
490;87.73;95,9227;62;0;10;0
491;77.33;96,19875;62;0;10;0
492;100.98;97,4832;62;0;10;0
493;83.70;97,66191;62;0;10;0
494;64.53;96,6545;62;0;10;0
495;99.66;96,19032;62;0;10;0
496;138.68;98,53262;62;0;10;0
497;75.70;97,91896;62;0;10;0
498;86.54;96,15205;62;0;10;0
499;129.18;97,46736;62;0;10;0
500;80.06;97,63062;62;0;10;0
501;74.05;96,28504;62;0;10;0
502;109.10;96,78984;62;0;10;0
503;135.22;98,48786;62;0;10;0
504;90.00;97,14702;62;0;10;0
505;128.97;98,44948;62;0;10;0
506;78.33;98,38245;62;0;10;0
507;107.05;98,5101;62;0;10;0
508;95.29;97,5217;62;0;10;0
509;72.10;97,39731;62;0;10;0
510;94.71;97,34003;62;0;10;0
511;113.74;97,01024;62;0;10;0
512;80.19;97,07944;62;0;10;0
513;72.19;96,33188;62;0;10;0
514;88.70;95,1974;62;0;10;0
515;108.17;96,30035;62;0;10;0
516;79.24;95,65783;62;0;10;0
517;47.19;93,16949;62;0;10;0
518;81.76;93,00893;62;0;10;0
519;66.15;92,13523;62;0;10;0
520;91.84;91,55093;62;0;10;0
521;107.89;92,20106;62;0;10;0
522;86.48;92,49617;61;0;10;0
523;110.90;92,81595;61;0;10;0
524;51.27;91,76999;61;0;10;0
1;0.32;0,3249156;61;0;4;0
2;12.64;6,481446;61;0;3;0
3;1.18;4,714699;61;0;2;0
4;18.10;8,061755;61;0;1;0
5;49.99;16,44825;61;0;1;0
6;55.91;23,02495;61;0;1;0
7;65.83;29,14004;61;0;1;0
8;60.17;33,01891;61;0;1;0
9;66.95;36,7885;61;0;1;0
10;71.34;40,24354;61;0;1;0
11;68.34;42,79764;61;0;1;0
12;75.97;45,56195;61;0;1;0
13;72.56;47,63873;61;0;1;0
14;69.75;49,21821;61;0;1;0
15;67.69;50,44942;61;0;1;0
16;71.19;51,74543;61;0;1;0
17;68.20;52,71334;61;0;1;0
18;76.12;54,01363;61;0;1;0
19;71.45;54,9313;61;0;1;0
20;69.99;55,68425;61;0;2;0
21;69.99;56,36569;61;0;3;0
22;68.62;56,92256;61;0;4;0
23;65.34;57,28852;61;0;5;0
24;67.09;57,69697;61;0;6;0
25;73.51;58,32951;61;0;7;0
26;67.16;58,66899;61;0;8;0
27;72.69;59,18836;61;0;9;0
28;72.99;59,6812;61;0;10;0
29;75.06;60,21167;61;0;10;0
30;71.58;60,5907;61;0;10;0
31;68.85;60,85707;61;0;10;0
32;68.50;63,0564;61;0;10;0
33;73.77;65,02855;61;0;10;0
34;69.93;67,24637;61;0;10;0
35;71.98;68,98428;61;0;10;0
36;39.27;68,63827;61;0;10;0
37;64.68;68,92117;61;0;10;0
38;63.56;68,84794;61;0;10;0
39;72.68;69,2515;61;0;10;0
40;71.30;69,39199;61;0;10;0
41;61.04;69,05975;61;0;10;0
42;62.53;68,87248;61;0;10;0
43;42.20;67,78326;62;0;10;0
1;0.35;0,3511591;61;0;4;0
2;15.07;7,709876;61;0;3;0
3;1.24;5,552431;61;0;2;0
4;16.88;8,384808;61;0;1;0
5;26.45;11,9977;61;0;1;0
6;31.82;15,30142;61;0;1;0
7;59.64;21,63569;61;0;1;0
8;66.76;27,27674;61;0;1;0
9;62.34;31,17217;61;0;1;0
10;65.33;34,58839;61;0;1;0
11;60.99;36,98871;61;0;1;0
12;39.29;37,18048;61;0;1;0
13;62.42;39,12177;61;0;1;0
14;31.45;38,57378;61;0;1;0
15;65.38;40,36103;61;0;1;0
16;59.10;41,53206;61;0;1;0
17;55.69;42,36509;61;0;1;0
18;51.74;42,88594;61;0;1;0
19;42.42;42,86142;61;0;1;0
20;52.55;43,34585;61;0;1;0
21;56.63;43,97856;61;0;1;0
22;27.24;43,21788;61;0;1;0
23;62.25;44,04556;61;0;1;0
24;59.07;44,67177;61;0;1;0
25;60.33;45,29822;61;0;1;0
26;58.99;45,82469;61;0;1;0
27;58.89;46,30862;61;0;1;0
28;58.63;46,74871;61;0;1;0
29;53.06;46,96639;61;0;1;0
30;31.16;46,43966;61;0;1;0
31;62.05;46,94308;61;0;1;0
32;55.27;48,71464;61;0;1;0
33;60.85;50,19148;61;0;1;0
34;57.52;52,00707;61;0;1;0
35;58.60;53,3529;61;0;1;0
36;58.98;54,40216;61;0;1;0
37;53.07;55,08755;61;0;2;0
38;30.24;54,13902;61;0;2;0
39;50.72;53,62149;61;0;2;0
40;51.16;53,2609;61;0;2;0
41;56.27;52,96848;61;0;2;0
42;54.62;52,76281;61;0;2;0
43;56.37;53,31393;61;0;2;0
44;56.17;53,1124;61;0;2;0
45;62.81;54,12393;61;0;2;0
46;31.84;53,04194;61;0;2;0
47;66.89;53,29343;61;0;2;0
48;64.75;53,58553;61;0;2;0
49;57.70;53,77769;61;0;2;0
50;56.89;54,24458;61;0;2;0
51;61.38;54,52952;61;0;2;0
52;57.70;54,56385;61;0;2;0
53;60.37;55,63255;61;0;3;0
54;60.39;55,57231;61;0;4;0
55;36.77;54,8529;61;0;4;0
56;59.62;54,82982;61;0;4;0
57;69.51;55,16935;61;0;5;0
58;65.19;55,37244;61;0;6;0
59;64.02;55,54629;61;0;7;0
60;46.25;55,32666;61;0;7;0
61;50.05;55,93589;61;0;8;0
62;51.44;55,59392;61;0;9;0
63;29.64;54,76711;61;0;8;0
64;59.53;54,72454;61;0;8;0
65;56.09;54,67832;61;0;8;0
66;58.72;54,6821;61;0;8;0
67;57.33;54,62889;61;0;8;0
68;57.44;54,76981;61;0;8;0
69;55.81;55,59472;61;0;9;0
70;54.11;55,704;61;0;10;0
71;24.90;54,85686;61;0;9;0
72;42.11;54,40022;61;0;9;0
73;52.19;54,32201;61;0;9;0
74;66.86;54,66039;61;0;9;0
75;61.39;54,82872;61;0;9;0
76;71.68;55,11498;61;0;10;0
77;75.64;56,52775;61;0;10;0
78;73.85;56,75225;61;0;10;0
79;40.18;55,95979;61;0;10;0
80;46.91;55,61174;61;0;10;0
81;45.26;55,23658;61;0;10;0
82;65.46;55,368;61;0;10;0
83;73.66;55,88303;61;0;10;0
84;69.98;56,19293;61;0;10;0
85;73.46;56,6147;61;0;10;0
86;74.38;57,82773;61;0;10;0
87;74.13;58,296;62;0;10;0
88;36.71;57,23803;62;0;10;0
89;65.25;57,24019;62;0;10;0
90;73.29;57,53921;62;0;10;0
91;70.72;58,32852;62;0;10;0
92;68.47;58,92271;62;0;10;0
93;73.42;59,63143;62;0;10;0
94;75.58;61,11353;62;0;10;0
95;77.99;61,70902;62;0;10;0
96;41.09;61,22537;62;0;10;0
97;51.19;60,98257;62;0;10;0
98;35.27;60,27098;62;0;10;0
99;62.57;60,43652;62;0;10;0
100;45.02;60,08857;62;0;10;0
1;0.33;0,3348737;61;0;4;0
2;15.66;7,998254;61;0;3;0
3;1.28;5,758764;61;0;2;0
4;12.21;7,372489;61;0;1;0
5;28.76;11,6495;61;0;1;0
6;49.39;17,93983;61;0;1;0
7;60.39;24,00447;61;0;1;0
8;65.66;29,21118;61;0;1;0
9;62.74;32,93656;61;0;1;0
10;63.45;35,98748;61;0;1;0
11;68.34;38,92837;61;0;1;0
12;67.36;41,29771;61;0;1;0
13;54.83;42,33881;61;0;1;0
14;34.05;41,74645;61;0;1;0
15;62.94;43,1591;61;0;1;0
16;63.62;44,43799;61;0;1;0
17;63.38;45,55207;61;0;1;0
18;60.36;46,37461;61;0;1;0
19;62.81;47,23941;61;0;1;0
20;70.91;48,42303;61;0;1;0
21;54.88;48,73043;61;0;1;0
22;57.71;49,1387;61;0;1;0
23;28.68;48,24924;61;0;1;0
24;45.80;48,14723;61;0;1;0
25;51.40;48,27743;61;0;1;0
26;52.83;48,45264;61;0;1;0
27;58.91;48,84005;61;0;1;0
28;56.69;49,12058;61;0;1;0
29;60.96;49,52867;61;0;1;0
30;55.46;49,7264;61;0;1;0
31;32.29;49,16401;61;0;1;0
32;58.03;51,02515;61;0;1;0
33;52.68;52,21934;61;0;1;0
34;54.66;53,94122;61;0;1;0
35;52.03;55,22555;61;0;2;0
36;55.46;56,08681;61;0;3;0
37;58.09;56,36755;61;0;4;0
38;53.79;56,15461;61;0;5;0
39;29.22;54,97918;61;0;4;0
40;53.90;54,694;61;0;4;0
41;59.22;54,55785;61;0;4;0
42;60.15;54,29361;61;0;4;0
43;56.02;53,92776;61;0;4;0
44;60.93;54,12443;61;0;4;0
45;55.98;54,83189;61;0;4;0
46;52.95;54,50969;61;0;4;0
47;30.47;53,44029;61;0;4;0
48;53.64;53,12629;61;0;4;0
49;62.32;53,18974;61;0;4;0
50;54.93;52,93555;61;0;4;0
51;58.32;52,52937;61;0;4;0
52;55.50;52,54951;61;0;4;0
53;64.84;52,77948;61;0;4;0
54;62.62;53,8743;61;0;4;0
55;35.85;53,55344;61;0;4;0
56;55.72;53,69283;61;0;4;0
57;63.88;54,04924;61;0;4;0
58;56.58;53,97392;61;0;4;0
59;56.21;53,9583;61;0;4;0
60;51.41;53,65041;61;0;4;0
61;57.51;53,71645;61;0;4;0
62;58.76;54,57021;61;0;4;0
63;28.34;53,6125;61;0;3;0
64;55.83;53,71401;61;0;3;0
65;52.33;53,6388;61;0;3;0
66;67.92;54,15148;61;0;3;0
67;59.65;54,28664;61;0;3;0
68;62.33;54,42316;61;0;3;0
69;54.03;54,43081;61;0;3;0
70;37.37;54,69378;61;0;3;0
71;30.12;53,92674;61;0;3;0
72;59.90;53,94849;61;0;3;0
73;71.64;54,31937;61;0;3;0
74;41.56;53,85279;61;0;3;0
1;0.31;0,3125071;61;0;4;0
2;14.59;7,45221;61;0;3;0
3;1.25;5,385481;61;0;2;0
4;14.73;7,721945;61;0;1;0
5;29.62;12,1009;61;0;1;0
6;37.18;16,28054;61;0;1;0
7;57.36;22,14972;61;0;1;0
8;48.84;25,48595;61;0;1;0
9;62.46;29,59364;61;0;1;0
10;53.98;32,03223;61;0;1;0
11;35.67;32,36287;61;0;1;0
12;31.72;32,30952;61;0;1;0
1;0.32;0,3189935;61;0;4;0
2;10.28;5,297256;61;0;3;0
3;1.11;3,90287;61;0;2;0
4;18.49;7,550404;61;0;1;0
5;26.79;11,39787;61;0;1;0
6;33.34;15,05549;61;0;1;0
7;55.71;20,86261;61;0;1;0
8;64.38;26,30263;61;0;1;0
9;68.89;31,03493;61;0;1;0
10;63.18;34,24903;61;0;1;0
11;71.40;37,62649;61;0;1;0
12;68.00;40,15726;61;0;1;0
13;68.41;42,33078;61;0;1;0
14;62.99;43,80671;61;0;1;0
15;35.74;43,26875;61;0;1;0
16;57.95;44,18638;61;0;1;0
17;53.67;44,74411;61;0;1;0
18;64.14;45,82182;61;0;1;0
19;56.05;46,36028;61;0;1;0
20;55.45;46,81469;61;0;1;0
21;55.60;47,23319;61;0;1;0
22;55.30;47,59999;61;0;1;0
23;34.53;47,03193;61;0;1;0
24;65.81;47,81453;61;0;1;0
25;64.66;48,4883;61;0;1;0
26;65.81;49,15444;61;0;1;0
27;67.57;49,83651;61;0;1;0
28;61.22;50,24323;61;0;1;0
29;57.59;50,49658;61;0;1;0
30;60.00;50,81348;61;0;1;0
31;63.66;51,22794;61;0;1;0
32;27.04;52,08994;61;0;1;0
33;49.41;53,35238;61;0;1;0
34;58.23;55,19481;61;0;2;0
35;62.93;56,62814;61;0;3;0
36;58.65;57,65585;62;0;4;0
37;52.68;58,27961;62;0;5;0
38;39.28;57,74973;62;0;5;0
1;0.32;0,3171961;61;0;4;0
2;13.32;6,819901;61;0;3;0
3;1.13;4,921659;61;0;2;0
4;19.07;8,459479;61;0;1;0
5;27.16;12,19876;61;0;1;0
6;24.58;14,26246;61;0;1;0
7;46.84;18,9162;61;0;1;0
8;57.62;23,75363;61;0;1;0
9;48.15;26,46378;61;0;1;0
10;56.19;29,43617;61;0;1;0
11;63.51;32,53407;61;0;1;0
12;67.53;35,45052;61;0;1;0
13;61.47;37,45219;61;0;1;0
14;32.39;37,09091;61;0;1;0
15;60.15;38,62801;61;0;1;0
16;56.78;39,76229;61;0;1;0
17;61.39;41,03442;61;0;1;0
18;49.11;41,4833;61;0;1;0
19;45.34;41,68602;61;0;1;0
20;55.62;42,38291;61;0;1;0
21;62.38;43,33504;61;0;1;0
22;24.51;42,47957;61;0;1;0
23;46.71;42,66345;61;0;1;0
24;53.11;43,09887;61;0;1;0
25;50.29;43,3867;61;0;1;0
26;53.76;43,78557;61;0;1;0
27;57.99;44,31175;61;0;1;0
28;51.87;44,58178;61;0;1;0
29;32.12;44,1522;61;0;1;0
30;52.67;44,43621;61;0;1;0
31;50.66;44,63704;61;0;1;0
32;58.68;46,51979;62;0;1;0
33;47.56;47,62428;62;0;1;0
34;50.40;49,2139;62;0;1;0
35;54.40;50,35362;62;0;1;0
36;52.71;51,17796;62;0;1;0
37;26.83;51,25053;62;0;1;0
38;41.56;51,08016;62;0;1;0
39;60.37;51,16894;62;0;1;0
40;60.79;51,57681;62;0;1;0
41;57.13;51,60712;62;0;1;0
42;56.89;51,39359;62;0;1;0
43;56.60;51,0409;62;0;1;0
44;52.20;50,74182;62;0;1;0
45;34.58;50,81229;62;0;1;0
46;50.48;50,50053;62;0;1;0
47;47.58;50,20396;62;0;1;0
48;42.70;49,60107;62;0;1;0
49;42.09;49,37457;62;0;1;0
50;51.95;49,58804;62;0;1;0
51;53.06;49,50539;62;0;1;0
52;31.39;48,50586;62;0;1;0
53;62.16;49,72028;62;0;1;0
54;59.99;50,14857;62;0;1;0
55;47.09;49,95414;62;0;1;0
56;34.33;49,43917;62;0;1;0
57;52.72;49,40564;62;0;1;0
58;52.50;49,22834;62;0;1;0
59;22.09;48,26757;62;0;1;0
1;0.34;0,3408926;61;0;4;0
2;12.86;6,601489;61;0;3;69
3;1.30;4,834861;61;46;2;3
4;19.11;8,404808;61;110;1;2
6;28.62;15,22984;61;0;1;2
7;54.11;20,78485;61;0;1;19
8;48.69;24,27279;61;46;1;2
9;45.28;26,60651;61;82;1;2
11;56.26;30,97902;61;0;1;2
12;50.83;32,63293;61;0;1;20
13;25.65;32,09586;61;34;1;2
14;46.31;33,11089;61;62;1;2
15;44.08;33,84201;61;94;1;2
18;64.91;37,09441;61;0;1;16
19;45.79;37,5522;61;24;1;2
20;24.26;36,88739;61;60;1;2
21;47.15;37,37599;61;100;1;2
24;70.72;40,32941;61;0;1;14
25;50.22;40,7252;61;64;1;2
26;49.53;41,06388;61;102;1;2
28;60.80;41,24274;61;0;1;2
29;54.79;41,70975;61;0;1;18
30;62.48;42,40203;61;34;1;2
31;53.81;42,77017;62;68;1;2
32;44.42;44,19215;62;106;1;2
34;53.92;47,11217;62;0;1;2
35;26.91;47,36378;62;0;1;38
36;40.42;47,72773;62;34;1;2
37;42.90;48,18853;62;56;1;2
38;42.10;47,80111;62;92;1;2
40;49.06;47,40871;62;0;1;2
41;25.49;46,77774;62;0;1;39
42;51.54;46,62553;62;72;1;2
43;44.40;46,41814;62;98;1;2
45;56.98;47,30964;62;0;1;2
46;46.50;47,38777;62;0;1;21
47;47.82;47,49266;62;48;1;2
48;24.60;46,65414;62;86;1;2
50;61.73;46,45404;62;0;1;2
51;51.78;47,34193;62;0;1;19
52;57.71;47,68251;62;34;1;2
53;44.65;47,40001;62;102;1;2
55;25.19;45,5774;62;0;1;2
56;45.48;45,42436;61;0;1;25
57;41.95;45,17987;61;32;1;2
58;45.28;45,7908;61;70;1;2
59;46.42;45,32703;61;98;1;2
61;26.13;43,76596;61;0;1;2
62;35.95;43,18966;61;0;1;30
63;40.18;43,05277;61;62;1;2
64;46.73;42,92239;61;104;1;2
66;58.88;43,72471;61;0;1;2
67;23.13;43,16677;61;0;1;43
68;28.57;42,70433;61;36;1;2
69;42.41;42,71434;61;78;1;2
70;41.33;42,99136;61;108;1;2
72;24.75;42,69883;62;0;1;2
73;45.19;42,49388;62;0;1;23
74;46.18;42,55145;62;34;1;2
75;41.59;42,51818;62;108;1;2
77;60.61;42,64904;62;0;1;2
78;56.65;42,93372;62;0;1;19
79;25.44;42,96078;62;42;1;2
80;43.00;42,96824;62;104;1;2
82;68.08;43,22556;62;0;1;2
83;58.31;43,24499;62;0;1;17
84;56.54;43,62844;62;72;1;2
86;70.05;45,36473;62;0;1;2
87;34.01;44,99489;62;0;1;29
88;61.83;45,63604;62;56;1;2
89;59.30;46,0884;62;122;1;2
91;70.62;47,44681;62;0;1;2
92;60.16;48,54439;62;0;1;17
93;56.10;49,19454;62;60;1;2
95;71.33;50,44419;62;0;1;2
96;36.31;50,105;62;0;1;28
97;74.30;50,60229;62;74;1;2
99;68.31;53,34856;62;0;1;2
100;109.65;55,51737;62;0;2;8
101;55.28;55,96732;62;104;3;4
103;89.87;58,5379;62;0;5;4
104;71.28;59,37959;62;0;6;14
106;35.89;59,48773;62;0;7;14
107;57.25;59,8209;62;0;8;17
109;45.00;59,43988;62;0;9;17
110;45.83;60,09774;62;0;9;21
113;27.88;58,17235;62;0;8;35
115;39.68;57,07312;62;0;8;35
116;52.10;56,91877;62;0;9;20
119;23.87;55,13037;62;0;8;41
121;42.21;53,84869;62;0;8;41
122;42.63;52,94582;62;0;8;23
123;42.80;52,38589;62;80;8;9
125;19.18;50,48039;62;0;7;9
126;25.19;48,99206;62;0;6;40
127;41.97;49,17491;62;126;5;6
129;50.43;47,38095;62;0;3;6
130;21.29;45,8644;62;0;2;47
131;35.63;43,4766;62;40;1;2
132;51.25;43,34686;62;80;1;2
134;58.79;42,14402;62;0;1;2
135;98.98;43,03763;62;0;1;10
136;46.16;42,7449;62;46;1;2
137;27.01;42,45871;62;68;1;2
138;75.05;43,03294;62;100;1;2
140;59.04;44,04957;62;0;1;2
141;82.07;45,21837;62;0;1;13
142;82.65;46,65779;62;68;1;2
144;94.50;49,68809;62;0;1;2
145;81.61;50,99505;62;0;1;12
146;54.31;51,46706;62;62;1;2
147;40.37;51,0887;62;116;1;2
149;70.58;52,69287;62;0;1;2
150;78.15;54,44397;62;0;1;13
151;51.49;54,8788;62;74;1;2
153;70.23;56,71403;62;0;3;2
154;76.65;57,80586;62;0;4;12
155;61.24;58,74384;62;82;5;6
157;36.39;60,01554;62;0;5;6
158;51.06;60,3085;62;0;6;20
159;120.23;63,00059;62;100;7;8
161;81.31;64,74016;62;0;8;8
162;66.36;65,73159;62;0;9;14
164;90.26;67,25684;62;0;10;14
165;70.73;67,6423;62;0;10;14
168;101.62;69,7163;62;28;10;11
170;66.97;69,04569;62;0;10;11
171;67.89;69,33099;62;0;10;15
173;91.70;70,0361;62;0;10;15
174;70.15;70,16325;62;0;10;14
176;38.98;67,60194;62;0;10;14
177;44.24;67,27715;62;0;10;22
179;65.37;68,23786;62;0;10;22
180;77.14;68,44962;62;0;10;14
182;68.52;68,13284;62;0;10;14
183;60.03;67,76289;62;0;10;16
185;36.63;65,7196;62;0;10;16
186;83.48;66,43672;62;0;10;11
188;96.55;68,73469;62;0;10;11
189;56.09;68,89699;62;0;10;18
191;82.11;68,88026;62;0;10;18
192;57.30;68,10599;62;0;10;18
194;65.66;67,84769;62;0;10;18
195;32.27;65,97691;62;0;10;32
197;49.00;63,51696;62;0;10;32
198;43.17;64,22858;62;0;10;22
200;57.88;63,34978;62;0;10;22
201;71.09;63,48283;62;0;10;14
203;66.16;62,82495;62;0;10;14
204;34.59;60,9827;61;0;10;33
206;51.59;60,54678;61;0;10;33
207;78.63;61,82578;61;0;10;13
209;58.63;62,29414;61;0;10;13
210;65.04;62,28327;61;0;10;15
212;45.70;62,40471;61;0;10;15
213;18.39;60,78772;61;0;9;55
214;58.11;60,72581;61;84;10;11
216;66.85;61,33166;61;0;10;11
217;83.41;61,3297;61;0;10;12
219;37.17;58,98901;61;0;10;12
220;18.57;57,77879;61;0;9;54
222;44.73;55,45947;62;0;9;54
223;59.47;55,52928;62;0;10;16
225;38.27;55,16741;62;0;10;16
226;26.31;54,97511;62;0;9;37
228;58.73;55,77206;62;0;10;37
229;98.30;57,55053;62;40;10;11
231;63.44;56,86202;62;0;10;11
232;51.36;56,22559;62;0;10;18
234;59.19;55,84725;62;0;10;18
235;33.26;55,80427;62;0;10;31
238;81.15;56,02818;62;0;10;12
240;67.45;56,29277;62;0;10;12
241;63.78;56,25225;62;0;10;16
243;57.43;56,02351;62;0;10;16
244;39.01;56,68879;62;0;10;27
246;66.80;58,5024;62;0;10;27
247;67.50;58,52335;62;0;10;14
249;55.21;57,97184;62;0;10;14
250;60.72;58,73145;62;0;10;16
252;50.35;60,74874;62;0;10;16
253;33.74;60,39424;62;0;10;30
255;68.97;62,37138;62;0;10;30
256;71.72;63,4503;62;0;10;13
258;51.35;63,69885;62;0;10;13
259;61.78;63,79731;62;0;10;17
261;91.00;63,33859;62;0;10;17
262;39.88;62,57867;62;0;10;25
264;69.37;64,77119;62;0;10;25
265;106.67;66,30281;62;68;10;11
267;84.65;67,52329;62;0;10;11
268;64.76;67,8977;62;0;10;16
270;77.61;66,61095;62;0;10;16
271;52.89;66,14127;62;0;10;19
273;44.37;64,41273;61;0;10;19
1;0.34;0,3435706;61;0;4;0
2;14.61;7,479109;61;0;3;61
3;1.27;5,41058;61;92;2;3
6;61.71;23,28687;61;0;1;16
7;48.35;26,8678;61;40;1;2
8;43.16;28,90406;61;78;1;2
9;44.77;30,66674;61;114;1;2
11;65.01;35,05957;61;0;1;2
12;53.51;36,59701;61;0;1;18
13;48.11;37,48269;61;32;1;2
14;43.03;37,87889;61;64;1;2
15;45.32;38,3748;61;100;1;2
18;58.67;41,14651;61;0;1;17
19;42.41;41,21318;61;66;1;2
20;43.77;41,34104;61;92;1;2
22;62.79;42,56192;61;0;1;2
23;51.96;42,97056;61;0;1;19
24;48.92;43,21863;61;34;1;2
25;45.99;43,32959;61;106;1;2
27;52.93;43,86045;61;0;1;2
28;49.30;44,05478;61;0;1;20
29;44.65;44,07541;61;34;1;2
30;46.01;44,13979;61;110;1;2
32;60.68;46,06237;61;0;1;2
33;47.29;47,11632;61;0;1;21
34;43.67;48,48396;61;74;1;2
36;62.68;50,17341;61;0;1;2
37;53.94;49,9226;61;0;1;19
38;49.12;49,94739;61;56;1;2
39;52.18;50,23856;61;106;1;2
41;57.90;50,72643;61;0;1;2
42;47.39;50,15799;61;0;1;21
43;46.54;49,93328;61;68;1;2
44;48.30;49,9394;61;118;1;2
46;60.78;50,64795;61;0;1;2
47;48.68;50,82164;61;0;1;21
48;47.32;50,31427;61;48;1;2
49;46.57;49,92412;61;96;1;2
51;57.89;50,53368;61;0;1;2
52;50.76;50,66307;61;0;1;19
53;45.30;50,09888;61;72;1;2
55;62.34;50,47818;61;0;1;2
56;54.91;50,76584;61;0;1;18
57;54.29;50,9667;61;58;1;2
58;49.00;50,84005;61;90;1;2
60;56.31;50,9721;61;0;1;2
61;51.24;51,1408;61;0;1;20
62;47.41;51,27011;61;26;1;2
63;44.10;50,7353;61;100;1;2
64;53.29;50,92905;61;118;1;2
66;56.42;51,00584;61;0;1;2
67;46.30;50,47752;61;0;1;21
68;48.39;50,2985;61;38;1;2
69;43.11;50,1046;61;76;1;2
71;60.57;50,32074;61;0;1;2
72;45.91;49,93373;61;0;1;24
73;39.35;49,67449;61;66;1;2
74;47.12;49,69321;61;96;1;4
75;35.96;49,29517;61;108;1;2
77;36.87;48,30525;61;0;1;2
78;51.82;48,40636;61;0;1;19
79;47.85;48,42329;61;26;1;2
80;43.49;48,32391;61;52;1;2
81;42.36;48,1681;61;116;1;2
83;62.95;48,24668;61;0;1;2
84;48.82;48,3602;61;0;1;21
85;49.25;48,32621;61;62;1;2
86;52.35;48,00391;61;88;1;2
88;58.32;47,88173;61;0;1;2
89;49.46;47,89656;61;0;1;20
90;46.40;48,04666;61;34;1;2
91;51.51;47,89206;61;108;1;2
93;76.33;48,91174;61;0;1;2
94;47.08;49,00766;61;0;1;21
95;61.45;49,27074;61;76;1;2
97;71.17;50,39428;61;0;1;2
98;54.61;50,66239;61;0;1;18
99;56.95;50,93838;61;24;1;2
100;51.03;51,19374;61;98;1;2
102;73.71;51,8479;61;0;1;2
103;62.46;52,38178;61;0;1;16
104;62.58;53,13111;61;74;1;2
106;68.29;54,50645;61;0;1;2
107;58.50;55,01457;61;0;2;17
108;58.46;55,71107;61;106;3;4
110;73.95;56,47617;61;0;4;4
111;56.56;56,89767;61;0;5;17
114;66.71;58,29401;61;0;8;15
116;67.42;59,35469;61;0;10;15
117;64.09;59,7335;61;0;10;14
119;62.71;60,34402;61;0;10;14
120;59.88;60,67994;61;0;10;15
122;56.71;61,2559;61;0;10;15
123;58.03;61,3881;61;0;10;16
125;59.21;61,20649;61;0;10;16
126;60.23;61,16703;61;0;10;17
128;60.43;60,7988;61;0;10;17
129;42.21;60,39862;61;0;10;24
131;44.63;60,09601;61;0;10;24
132;51.48;60,07617;61;0;10;19
134;41.98;58,84233;61;0;10;19
135;48.99;58,40398;61;0;10;21
137;43.92;57,37559;61;0;10;21
138;43.17;56,88081;62;0;10;23
140;48.15;56,63652;62;0;10;23
141;52.23;55,93589;62;0;10;19
143;50.71;55,52825;62;0;10;19
144;57.01;55,14304;62;0;10;17
146;49.94;54,43796;62;0;10;17
147;47.72;53,80252;62;0;10;21
149;57.69;53,41374;62;0;10;21
150;55.81;53,19114;62;0;10;18
152;50.10;52,76101;62;0;10;18
153;59.56;52,85299;62;0;10;17
155;51.66;52,69872;62;0;10;17
156;47.88;52,33321;62;0;10;21
158;72.56;52,44224;62;0;10;21
159;83.87;53,19851;62;0;10;12
161;59.88;54,06208;62;0;10;12
162;68.76;54,84052;62;0;10;15
164;65.04;55,9439;62;0;10;15
165;79.72;57,16125;62;0;10;12
167;65.81;58,35641;62;0;10;12
168;60.49;58,89094;62;0;10;17
170;59.06;60,13856;62;0;10;17
171;72.50;60,924;62;0;10;14
173;94.45;63,01498;62;0;10;14
174;58.82;63,27648;62;0;10;16
176;62.16;63,76546;62;0;10;16
177;75.29;64,58309;62;0;10;12
179;72.49;65,715;62;0;10;12
180;77.83;66,36484;62;0;10;13
183;70.47;68,25377;62;0;10;14
185;39.49;67,2576;62;0;10;14
186;120.35;69,47334;62;120;10;11
188;89.48;70,72249;62;0;10;11
189;70.89;70,66883;62;0;10;14
191;91.99;71,36905;62;0;10;14
192;70.80;71,72135;62;0;10;13
194;74.75;71,17278;62;0;10;13
195;66.26;71,2121;61;0;10;15
197;62.53;69,866;61;0;10;15
198;61.45;69,72536;61;0;10;17
200;76.94;70,15073;61;0;10;17
201;62.24;70,25327;61;0;10;15
203;74.68;70,1329;61;0;10;15
204;67.39;69,26025;61;0;10;16
206;83.56;70,34244;61;0;10;16
207;100.30;71,57286;61;24;10;11
209;64.25;70,80284;61;0;10;11
210;54.56;70,22434;61;0;10;18
212;63.90;70,311;61;0;10;18
213;64.83;69,35287;61;0;10;15
215;62.76;69,90537;61;0;10;15
216;63.67;70,68552;61;0;10;16
218;48.00;69,6775;61;0;10;16
219;77.58;69,29366;61;0;10;12
221;52.81;68,53738;61;0;10;12
222;95.99;68,66632;61;2;10;11
224;63.30;68,94199;61;0;10;11
225;88.26;69,37809;61;0;10;11
227;60.58;69,94677;61;0;10;11
228;70.80;70,21371;61;0;10;14
231;70.25;70,19472;61;0;10;14
233;61.16;70,18559;61;0;10;14
234;67.28;69,94679;61;0;10;14
236;58.07;69,24112;61;0;10;14
237;79.07;69,09627;61;0;10;13
239;49.83;68,9157;61;0;10;13
240;74.24;69,23806;61;0;10;13
242;52.47;69,79672;61;0;10;13
243;53.37;69,45717;61;0;10;18
245;88.96;70,27485;61;0;10;18
246;56.31;70,0668;61;0;10;18
248;56.48;69,20594;61;0;10;18
249;63.89;69,71867;61;0;10;16
251;79.15;69,35569;61;0;10;16
252;56.20;69,46495;61;0;10;18
254;51.69;68,39768;61;0;10;18
255;61.84;68,35054;61;0;10;16
257;63.55;67,70193;61;0;10;16
258;66.24;67,88454;61;0;10;15
260;53.82;67,28264;61;0;10;15
261;65.79;67,46714;61;0;10;16
263;74.64;66,31911;61;0;10;16
264;65.12;66,44679;61;0;10;16
266;50.96;65,67509;62;0;10;16
267;84.50;66,52774;62;0;10;12
269;30.04;63,64243;62;0;10;12
1;0.34;0,3351769;61;0;4;0
2;14.78;7,55891;61;0;3;61
3;1.22;5,444991;61;0;2;61
4;13.04;7,343901;61;0;1;61
5;39.65;13,80455;61;0;1;61
6;59.58;21,43305;61;0;1;61
7;53.85;26,0643;61;0;1;61
8;48.11;28,8194;61;0;1;61
9;50.51;31,22968;61;0;1;61
10;49.98;33,10519;61;0;1;61
11;63.72;35,88878;61;0;1;61
12;55.90;37,55612;61;0;1;61
13;56.67;39,02625;61;0;1;61
14;59.54;40,49125;61;0;1;61
15;60.12;41,80009;61;0;1;61
16;50.89;42,36801;61;0;1;61
17;54.96;43,1087;61;0;1;61
18;55.96;43,82256;61;0;1;61
19;61.74;44,76533;61;0;1;61
20;60.16;45,53489;61;0;1;61
21;61.84;46,31137;61;0;1;61
22;59.90;46,92909;61;0;1;61
23;60.96;47,53926;61;0;1;61
24;63.44;48,20189;61;0;1;61
25;58.84;48,62737;61;0;1;61
26;54.86;48,86704;61;0;1;61
27;56.78;49,1603;61;0;1;61
28;59.40;49,526;61;0;1;61
29;54.73;49,70538;61;0;1;61
30;61.55;50,10009;61;0;1;61
31;61.35;50,46303;61;0;1;61
32;60.39;52,40022;61;0;1;61
33;61.53;53,90821;61;0;1;61
34;56.42;55,68897;61;0;2;61
35;55.38;57,0547;61;0;3;61
36;59.26;57,68743;61;0;4;61
37;63.37;57,80969;61;0;5;61
38;54.63;57,83472;61;0;6;61
39;61.38;58,26287;61;0;7;61
40;53.15;58,34785;61;0;8;61
41;52.90;58,44195;61;0;9;61
42;48.16;57,93971;61;0;9;61
43;62.11;58,14027;61;0;10;61
44;57.81;58,17711;61;0;10;61
45;57.42;58,10899;61;0;10;61
46;53.79;57,90481;61;0;10;61
47;51.86;57,93615;61;0;10;61
48;39.91;57,4507;61;0;10;61
49;46.97;57,16062;61;0;10;61
50;52.45;56,86115;61;0;10;61
51;52.91;56,62729;61;0;10;61
52;40.93;55,95275;61;0;10;61
53;41.04;55,34447;61;0;10;61
54;52.52;55,07221;61;0;10;61
55;49.33;54,61684;61;0;10;61
56;50.64;54,35224;61;0;10;61
57;49.40;54,17603;61;0;10;61
58;58.85;54,24277;61;0;10;61
59;50.74;53,96333;61;0;10;61
60;49.88;53,80698;61;0;10;61
61;40.19;53,11819;61;0;10;61
62;40.69;52,45181;61;0;10;61
63;47.47;52,03515;61;0;10;61
64;38.96;51,30693;61;0;10;61
65;50.75;51,12411;61;0;10;61
66;41.03;50,66121;61;0;10;61
67;45.71;50,22416;61;0;10;61
68;50.35;49,80423;61;0;9;61
69;50.19;49,66098;61;0;8;61
70;54.04;49,42427;61;0;7;61
71;50.28;49,33195;61;0;6;61
72;48.54;49,19121;61;0;5;61
73;46.93;49,15156;61;0;4;61
74;60.47;49,09856;61;0;3;61
75;57.15;49,07724;61;0;2;61
76;55.60;49,01847;61;0;1;61
77;57.92;49,15169;61;0;1;61
78;62.06;49,48069;61;0;1;61
79;59.53;50,11351;61;0;1;61
80;56.21;50,41167;61;0;1;61
81;57.76;50,58278;61;0;1;61
82;52.85;50,58097;61;0;1;61
83;51.23;50,91312;61;0;1;61
84;56.53;51,41268;61;0;1;61
85;58.20;51,59584;61;0;1;61
86;58.87;51,9036;61;0;1;61
87;65.34;52,37797;61;0;1;61
88;66.33;52,9243;61;0;1;61
89;62.62;53,04585;61;0;1;61
90;62.57;53,4274;61;0;1;61
91;64.62;53,90279;61;0;1;61
92;65.02;54,70356;61;0;1;61
93;67.16;55,55746;61;0;2;61
94;66.80;56,18081;61;0;3;61
95;64.89;57,01733;61;0;4;61
96;64.70;57,46727;61;0;5;61
97;66.33;58,28358;61;0;6;61
98;63.34;58,85223;61;0;7;61
99;59.19;59,13761;61;0;8;61
100;47.18;59,04075;61;0;8;61
101;53.83;59,03404;61;0;9;61
102;60.13;59,35162;61;0;10;61
103;58.89;59,68565;61;0;10;61
104;58.75;60,06703;61;0;10;61
105;58.74;60,01118;61;0;10;61
106;56.06;59,97609;61;0;10;61
107;57.62;60,04131;61;0;10;61
108;64.09;60,24036;61;0;10;61
109;66.80;60,39319;61;0;10;61
110;67.58;60,65307;61;0;10;61
111;64.57;60,92272;61;0;10;61
112;64.47;61,13927;61;0;10;61
113;65.35;61,54262;61;0;10;61
114;67.24;62,05901;61;0;10;61
115;60.53;62,18804;61;0;10;61
116;69.32;62,54679;61;0;10;61
117;65.43;62,75837;61;0;10;61
118;38.72;61,89963;61;0;10;61
119;84.56;62,48745;61;0;10;61
120;68.37;62,67294;61;0;10;61
121;67.41;62,82905;61;0;10;61
122;58.36;62,62702;61;0;10;61
123;47.89;62,07462;61;0;10;61
1;0.34;0,33913;61;0;4;0
2;14.08;7,209627;61;0;3;62
3;1.21;5,209298;61;39;2;3
4;11.88;6,878124;61;82;1;2
5;37.62;13,02746;61;113;1;2
8;52.23;27,90836;61;0;1;18
9;48.28;30,17141;61;16;1;2
10;41.38;31,2925;61;42;1;2
11;51.15;33,09809;61;64;1;2
12;44.41;34,04065;61;98;1;2
14;62.98;37,31252;61;0;1;2
15;50.42;38,18621;61;0;1;20
16;54.81;39,22534;61;26;1;2
17;50.81;39,90676;61;58;1;2
18;46.98;40,2996;61;97;1;2
19;48.39;40,7256;61;122;1;2
21;56.71;41,56594;61;0;1;2
22;54.11;42,13607;61;0;1;19
23;44.90;42,25634;61;21;1;2
24;43.04;42,28907;61;38;1;2
25;40.49;42,2173;61;55;1;2
26;41.03;42,17155;61;92;1;2
27;26.89;41,60572;61;106;1;2
29;60.54;42,00359;61;0;1;2
30;48.93;42,23449;61;0;1;20
31;49.25;42,46073;61;32;1;2
32;48.30;44,00776;61;45;1;2
33;44.65;44,99379;61;68;1;2
34;40.66;46,26641;61;87;1;2
35;20.63;46,54852;61;109;1;2
37;55.16;46,79722;61;0;1;2
38;40.49;46,34671;61;0;1;25
39;47.83;46,20486;61;34;1;2
40;46.12;46,13535;61;50;1;2
41;24.83;45,60132;61;86;1;2
42;50.39;45,57671;61;111;1;2
44;50.30;45,6884;61;0;1;2
45;46.68;45,16264;61;0;1;21
46;43.40;44,93631;61;24;1;2
47;37.34;44,37279;61;43;1;2
48;17.18;43,28799;61;66;1;2
49;39.61;43,0502;61;86;1;2
50;31.03;42,48995;62;106;1;2
51;23.58;41,8832;62;111;1;2
54;38.51;40,30929;61;0;1;18
55;42.70;40,29834;61;24;1;2
56;38.87;40,2458;61;48;1;2
57;39.30;40,18995;61;84;1;2
58;41.40;40,65784;61;120;1;2
60;59.46;40,9399;61;0;1;2
61;49.56;40,9601;61;0;1;20
62;48.76;40,94423;61;24;1;2
63;44.90;40,83449;61;56;1;2
64;40.23;40,69186;61;86;1;2
65;41.77;40,7277;61;122;1;2
67;60.46;42,19776;61;0;1;2
68;45.50;41,88628;61;0;1;21
69;42.33;41,94548;61;16;1;2
70;39.37;41,67263;61;46;1;2
71;40.42;41,48859;61;64;1;2
72;45.28;42,14846;61;78;1;2
73;39.16;41,78625;61;96;1;2
74;41.70;41,56728;61;116;1;2
76;60.38;41,96572;62;0;1;2
77;46.09;42,05239;62;0;1;22
78;59.71;42,77399;62;41;1;2
79;49.30;43,81006;62;81;1;2
81;49.79;44,03775;62;0;1;2
82;54.43;45,03263;62;0;1;18
83;58.22;46,17807;62;43;1;2
84;53.84;46,44053;62;79;1;2
85;54.80;46,9661;62;122;1;2
87;74.05;48,37777;62;0;1;2
88;30.06;48,07967;62;0;1;34
89;57.13;48,58725;62;41;1;2
90;50.81;48,80598;62;91;1;2
92;55.91;48,85991;62;0;1;2
93;68.18;49,48657;62;0;1;14
94;52.43;49,72961;62;39;1;2
95;45.58;49,90238;62;63;1;2
96;64.38;50,63182;62;101;1;2
98;64.79;51,12617;60;0;1;2
99;56.94;51,49498;60;0;1;17
100;58.71;52,02343;60;22;1;2
101;53.68;52,48495;60;58;1;2
102;52.99;52,89054;60;90;1;2
104;48.13;53,36246;60;0;1;2
105;37.39;53,22355;60;0;1;26
106;42.31;53,00919;60;36;1;2
107;47.04;52,57892;60;67;1;2
108;49.80;52,69862;60;100;1;2
109;51.99;52,44957;60;120;1;2
111;62.27;53,51701;60;0;1;2
112;51.38;53,5684;60;0;1;19
113;52.67;53,51172;60;34;1;2
114;53.30;53,35287;60;73;1;2
115;54.88;53,3865;60;116;1;2
117;64.96;53,74792;60;0;1;2
118;56.44;53,17979;60;0;1;19
119;53.21;53,92672;60;38;1;2
120;51.31;53,73876;61;64;1;2
121;45.66;53,57265;61;107;1;2
123;52.15;53,14955;62;0;1;2
124;41.30;52,28244;62;0;1;25
125;44.38;52,02293;62;15;1;2
126;39.63;51,83087;61;39;1;2
127;51.74;51,42292;61;83;1;2
129;27.14;50,01486;61;0;1;2
130;48.78;49,7518;61;0;1;20
131;54.68;49,62171;61;40;1;2
132;51.10;49,53866;61;80;1;2
133;51.69;49,49679;61;108;1;2
135;50.89;49,36065;61;0;1;2
136;17.61;48,72271;61;0;1;56
137;93.15;50,36271;61;40;1;2
138;55.34;50,6304;61;78;1;2
139;49.74;50,62859;61;117;1;2
141;61.50;51,64422;61;0;1;2
142;56.50;51,45807;61;0;1;18
143;61.43;51,78226;61;26;1;2
144;56.27;51,89843;61;49;1;2
145;57.01;52,01805;61;69;1;2
146;52.10;51,92841;61;98;1;2
148;95.14;53,72203;61;0;1;2
149;66.62;54,05022;61;0;1;14
150;80.54;54,93185;61;40;1;2
151;53.78;55,01157;61;87;2;3
153;29.54;55,20319;61;0;2;3
154;104.01;56,87616;61;0;3;9
155;66.12;57,67688;61;92;4;5
157;58.78;58,58;61;0;6;5
158;74.40;59,31107;62;0;7;15
160;58.96;60,53011;62;0;9;15
161;53.86;60,69382;62;0;10;18
163;45.21;59,71523;61;0;10;18
164;65.05;60,14627;61;0;10;14
165;76.27;61,18818;61;118;10;11
167;73.00;62,73566;61;0;10;11
168;68.24;61,93214;61;0;10;14
170;45.48;61,71114;61;0;10;14
171;53.71;61,18556;62;0;10;18
173;54.29;60,62933;63;0;10;18
174;50.85;60,28809;63;0;10;19
176;45.91;59,90248;63;0;10;19
177;59.88;60,15329;62;0;10;17
178;34.73;58,76589;62;106;10;11
180;60.77;56,41558;62;0;10;11
181;52.69;55,51704;61;0;10;19
182;43.71;55,19229;61;102;10;11
184;55.93;55,26791;61;0;10;11
185;36.53;53,09109;61;0;10;29
187;42.72;52,74165;62;0;10;29
188;72.05;53,16982;62;0;10;14
190;53.51;53,63531;62;0;10;14
191;49.56;53,33223;61;0;10;24
193;27.21;53,01578;61;0;9;24
194;45.95;53,03976;61;0;9;20
196;59.40;52,89858;61;0;9;20
197;105.18;54,88913;61;16;9;10
199;44.25;53,52605;62;0;9;10
200;61.86;53,8201;62;0;9;17
201;26.53;53,20888;62;109;8;9
203;52.53;53,1893;61;0;8;9
204;65.85;53,56192;61;0;8;14
206;51.33;53,60572;61;0;8;14
207;74.27;54,52048;62;0;8;14
209;41.35;54,92043;62;0;8;14
210;60.12;55,95229;62;0;9;16
212;59.39;56,60192;61;0;10;16
213;81.91;57,834;61;0;10;12
215;58.65;58,24981;61;0;10;12
216;71.36;59,37329;61;0;10;14
218;36.70;59,23758;60;0;10;14
219;25.00;57,71964;60;0;9;39
221;51.72;56,48155;61;0;10;39
222;71.41;57,18616;61;0;10;12
224;47.64;58,04994;61;0;10;12
225;58.21;58,44519;61;0;10;16
227;23.84;57,08426;60;0;9;16
228;61.06;55,661;60;0;10;15
230;65.65;56,32266;60;0;10;15
231;78.13;56,84752;60;0;10;13
233;54.88;58,44877;61;0;10;13
234;71.83;59,07145;61;0;10;12
236;43.44;58,3724;60;0;10;12
237;59.88;58,64835;60;0;10;17
239;49.14;58,27861;60;0;10;17
240;91.65;59,90123;60;0;10;12
242;52.42;59,37544;60;0;10;12
243;51.76;59,1291;60;0;10;16
244;46.39;57,98345;60;69;10;11
246;79.62;57,90512;61;0;10;11
247;78.26;58,12789;61;0;10;13
248;51.46;57,60704;61;123;10;11
250;48.91;58,42636;61;0;10;11
251;50.89;58,22706;61;0;10;21
252;31.13;57,56289;61;24;10;17
253;24.06;56,03549;61;99;9;10
255;40.68;55,28083;61;0;9;10
256;94.92;56,46529;61;0;10;11
257;45.15;55,63406;61;87;10;11
259;52.10;55,08457;61;0;10;11
260;44.90;54,79615;61;0;10;21
261;77.47;55,17745;61;83;10;11
263;45.39;53,18256;60;0;10;11
264;15.71;51,91903;60;0;9;63
265;53.66;51,33274;60;99;9;10
267;55.10;51,06053;61;0;9;10
268;78.36;51,65665;61;0;9;12
270;37.79;50,17469;61;0;9;12
271;62.32;49,22872;61;0;8;14
272;58.32;48,99397;61;70;7;8
274;93.18;49,89918;61;0;5;8
275;52.96;50,1111;61;0;5;18
276;64.79;51,22653;61;91;5;6
278;54.89;49,83536;61;0;4;6
279;64.48;50,25536;61;0;4;14
280;45.77;50,49964;61;41;4;5
281;64.19;50,99252;61;86;4;5
283;95.19;53,28403;61;0;4;5
284;49.45;54,10318;61;0;4;19
285;61.72;54,90111;61;52;4;5
287;63.91;54,47681;59;0;5;5
288;57.22;54,86618;59;0;5;17
290;41.88;55,82687;59;0;6;17
291;57.75;56,24155;59;0;7;17
293;58.34;56,68442;59;0;9;17
294;73.53;57,59219;59;0;10;13
296;49.69;59,46565;59;0;10;13
297;104.76;61,65376;59;6;10;11
299;70.90;61,27092;59;0;10;11
300;67.59;62,00846;59;0;10;14
302;53.74;63,7266;59;0;10;14
303;59.18;63,75436;59;0;10;16
305;58.41;64,64349;59;0;10;16
306;76.32;65,39694;59;0;10;14
308;57.64;65,30022;59;0;10;14
309;55.99;65,33559;59;0;10;18
310;81.35;65,8796;59;100;10;11
312;82.79;66,13105;59;0;10;11
313;59.76;66,19225;60;0;10;17
314;66.76;65,27522;60;72;10;11
315;32.72;64,73563;60;119;10;11
317;58.53;63,72222;60;0;10;11
318;21.55;62,35571;59;0;9;47
320;42.58;61,799;59;0;10;47
321;85.21;63,19668;59;0;10;12
323;51.82;62,71825;60;0;10;12
324;41.45;62,17342;60;0;10;21
326;49.96;59,66763;60;0;9;21
327;91.54;61,01772;60;4;10;11
329;63.52;60,12799;60;0;10;11
330;79.73;60,41278;60;0;10;12
332;59.94;58,78466;60;0;10;12
333;77.13;59,53895;60;0;10;12
335;61.34;58,21613;60;0;10;12
336;60.72;58,29066;60;0;10;17
338;52.06;57,54793;60;0;10;17
339;65.99;57,81707;60;0;10;16
341;65.16;57,56824;60;0;10;16
342;64.51;58,52172;60;0;10;14
344;61.65;56,87853;60;0;10;14
345;83.13;57,40669;60;0;10;12
347;49.57;58,70665;60;0;10;12
348;87.35;59,63643;60;0;10;11
349;58.08;60,81462;60;113;10;11
351;35.83;59,87878;59;0;10;11
352;62.11;59,13365;59;0;10;17
354;42.99;59,46199;60;0;10;17
355;55.48;59,91446;60;0;10;17
356;55.71;60,94868;60;65;10;11
358;47.99;58,6101;60;0;9;11
359;42.67;57,91077;60;0;9;22
360;63.24;57,90165;60;51;10;11
362;52.74;56,28564;60;0;10;11
363;75.61;56,79125;60;0;10;19
364;51.52;55,96531;60;75;10;11
366;19.88;54,06841;60;0;9;11
367;70.93;54,39756;60;0;9;14
368;70.00;54,55095;60;68;9;10
370;50.11;53,36575;58;0;9;10
371;38.13;52,51603;58;0;9;22
372;50.82;52,05349;58;100;9;10
374;66.36;52,24611;57;0;9;10
375;50.10;51,87347;57;0;9;18
377;41.79;50,55037;57;0;9;18
378;96.71;52,07122;57;0;9;12
380;21.51;49,38948;57;0;8;12
381;58.60;50,28329;58;0;8;16
382;82.57;51,791;58;97;8;9
384;80.72;51,076;58;0;8;9
385;76.33;52,15136;58;0;8;16
386;44.45;51,79557;58;11;8;13
388;17.19;51,04727;58;0;7;13
389;55.40;51,28621;58;0;7;19
391;57.28;51,79505;58;0;7;19
392;59.18;52,6165;58;0;7;17
393;87.20;53,72826;58;117;7;8
395;35.30;52,23821;58;0;7;8
396;94.74;53,97554;58;0;7;10
398;60.34;55,4983;58;0;9;10
399;75.70;55,68203;58;0;10;12
401;58.22;56,99405;58;0;10;12
402;57.58;57,62152;58;0;10;17
405;79.10;59,14842;56;0;10;12
407;57.55;59,80917;56;0;10;12
408;59.92;60,39399;56;0;10;16
409;83.18;59,95744;56;107;10;11
411;110.00;62,57218;56;0;10;11
412;60.70;62,64002;56;0;10;17
414;19.98;60,75492;57;0;9;17
415;52.45;59,84287;57;0;10;17
417;56.93;60,33117;57;0;10;17
418;82.56;61,82242;57;0;10;12
420;40.29;62,3575;57;0;10;12
421;22.50;61,00556;58;0;9;46
423;51.58;60,4805;58;0;10;46
424;78.83;60,21049;58;0;10;14
425;38.77;59,98862;58;117;10;11
427;65.72;59,38811;58;0;10;11
428;63.31;58,92498;58;0;10;15
430;61.68;58,43521;58;0;10;15
431;77.00;58,86206;58;0;10;11
433;50.70;58,81186;58;0;10;11
434;97.87;60,12418;58;23;10;11
436;58.69;59,42968;58;0;10;11
437;84.61;59,99405;58;9;10;11
439;56.18;59,7135;58;0;10;11
440;61.95;59,02861;58;0;10;16
442;45.02;58,30985;56;0;10;16
443;65.27;58,45712;56;0;10;14
444;63.55;59,0372;56;98;10;11
446;53.62;59,55097;56;0;10;11
447;35.57;58,15073;56;0;10;28
449;44.78;57,08607;56;0;10;28
450;79.49;58,07298;56;0;10;13
451;59.37;58,68872;56;108;10;11
453;55.22;59,55604;56;0;10;11
454;69.52;60,135;56;0;10;15
456;41.33;60,79863;56;0;10;15
457;47.90;60,86933;56;0;10;22
459;48.90;60,31682;56;0;10;22
460;55.99;60,21403;56;0;10;19
462;55.10;59,32305;57;0;10;19
463;47.52;58,80637;57;0;10;19
465;42.47;57,43885;57;0;10;19
466;86.73;58,26289;57;19;10;11
468;59.27;57,11953;56;0;10;11
469;69.65;57,66957;56;0;10;14
471;64.35;57,76108;56;0;10;14
472;73.32;57,6732;56;0;10;13
474;44.60;57,11085;56;0;10;13
475;95.11;58,12919;56;4;10;11
477;71.13;59,38636;56;0;10;11
478;63.59;60,29026;56;0;10;15
480;59.36;60,34957;56;0;10;15
481;65.37;59,89418;56;0;10;16
483;46.79;60,07074;56;0;10;16
484;73.68;60,66638;55;0;10;13
486;59.45;59,84096;55;0;10;13
487;77.11;60,99526;55;0;10;14
489;56.21;60,94558;55;0;10;14
490;75.88;61,81564;56;0;10;13
492;42.81;61,42794;56;0;10;13
493;66.78;61,80495;56;0;10;15
495;52.81;62,74002;56;0;10;15
496;85.77;64,13682;56;0;10;11
498;56.80;64,18052;56;0;10;11
499;87.76;65,09948;56;0;10;12
500;44.90;64,30116;56;63;10;11
502;52.29;63,25415;56;0;10;11
503;15.40;61,38566;56;0;9;70
504;50.71;61,46452;56;81;10;11
506;52.61;59,88343;56;0;10;11
507;43.44;59,4717;56;0;10;23
508;14.63;57,64901;56;111;9;10
510;68.10;57,04905;56;0;9;10
511;48.55;56,70052;56;0;9;20
512;59.37;56,50669;56;95;10;11
514;47.31;55,74158;56;0;10;11
515;44.10;54,78729;56;0;10;22
516;75.07;54,58496;56;75;10;11
517;42.27;54,03093;56;77;10;13
519;62.12;53,01929;56;0;10;13
520;20.56;51,86942;55;0;9;47
522;52.98;52,40862;55;0;9;47
523;52.41;52,71841;55;0;9;20
524;60.27;52,5084;55;88;9;10
526;71.03;51,52582;56;0;9;10
527;24.73;49,55683;56;0;8;41
529;63.91;48,92324;56;0;6;41
530;53.05;47,80356;56;0;5;18
531;73.28;48,71889;56;89;4;5
533;58.27;49,82621;56;0;2;5
534;63.15;51,36654;56;0;2;15
535;56.52;51,55423;56;52;2;3
536;49.89;51,93493;56;108;2;3
538;67.21;53,68127;56;0;2;3
539;53.50;54,93498;56;0;2;21
540;69.80;56,35258;56;51;3;4
542;66.11;56,47684;56;0;5;4
543;65.92;56,68835;56;0;6;15
544;73.53;57,88035;56;113;7;8
546;59.09;57,70786;56;0;7;8
547;65.37;57,39511;56;0;8;14
549;54.19;58,63025;56;0;10;14
550;78.80;59,16832;56;0;10;11
551;90.86;61,43591;56;107;10;11
553;25.00;58,74719;56;0;9;11
554;81.52;59,68604;56;0;10;12
556;56.02;59,89933;54;0;10;12
557;72.23;59,93783;54;0;10;13
558;51.36;60,79686;54;94;10;11
560;63.61;60,33206;54;0;10;11
561;46.37;60,11662;54;0;10;21
563;64.14;59,81973;54;0;10;21
564;72.82;60,28893;54;0;10;13
565;76.37;60,71545;54;81;10;11
567;67.77;60,62499;54;0;10;11
568;60.71;59,90687;54;0;10;14
570;43.23;58,98182;54;0;10;14
571;41.44;58,06717;54;0;10;24
573;53.71;58,47409;54;0;10;24
574;90.43;59,26456;54;17;10;11
576;52.02;59,44482;54;0;10;11
577;70.11;59,80026;54;0;10;15
579;60.73;59,6377;55;0;10;15
580;41.38;59,22447;55;0;10;20
582;42.59;56,68612;55;0;10;20
583;66.96;57,51204;55;0;10;15
585;44.20;57,48034;56;0;10;15
586;61.74;57,87239;56;0;10;16
588;39.90;56,81023;56;0;10;16
589;81.79;57,79176;56;0;10;12
591;50.01;57,5994;56;0;10;12
592;58.78;57,99978;56;0;10;17
594;59.95;58,11277;56;0;10;17
595;85.76;58,53027;56;0;10;12
597;53.38;58,3806;56;0;10;12
598;80.14;58,77941;56;0;10;12
600;35.02;58,16023;56;0;10;12
601;26.96;57,63524;56;0;9;43
602;38.68;57,54604;56;83;9;10
604;45.40;55,49349;56;0;8;10
605;25.17;53,38836;56;0;7;29
606;28.83;52,57412;56;35;6;7
607;35.17;52,03045;54;83;6;7
609;37.39;50,29297;54;0;6;7
610;47.89;49,87881;54;0;5;22
611;59.14;50,4516;54;47;5;6
612;36.74;50,07596;54;110;5;6
614;96.41;51,27628;54;0;5;6
615;56.18;51,10976;54;0;5;18
616;28.21;50,59414;54;94;4;5
618;59.32;50,56714;55;0;4;5
619;67.16;51,44655;55;0;4;15
620;64.57;50,89089;55;101;4;5
622;57.98;51,34933;54;0;4;5
623;82.67;52,12008;54;0;4;12
624;46.70;51,29778;54;92;4;5
626;64.73;49,46107;54;0;2;5
627;68.22;49,91405;54;0;1;13
628;72.01;50,51503;54;26;1;2
629;75.97;50,38074;54;52;1;2
630;48.18;50,15114;54;83;1;2
632;52.59;51,94634;53;0;1;2
633;59.11;52,60535;53;0;1;18
634;66.76;53,98177;53;27;1;2
635;60.97;54,48401;53;45;1;2
636;53.78;55,40697;53;75;2;3
638;52.72;56,92958;53;0;4;3
639;61.66;57,57636;53;0;5;15
640;79.49;58,93425;53;76;6;7
642;51.86;58,14565;54;0;7;7
643;51.94;58,63583;54;0;8;19
645;53.23;57,51408;54;0;10;19
646;74.79;58,1146;53;0;10;15
648;46.91;58,83211;53;0;10;15
649;73.27;59,2822;53;0;10;14
651;47.70;58,17379;53;0;10;14
652;50.07;58,08255;53;0;10;20
654;50.52;56,59194;53;0;10;20
655;58.28;56,96545;53;0;10;17
657;54.26;58,54761;53;0;10;17
658;54.39;58,10147;53;0;10;16
660;23.78;55,85814;53;0;9;16
661;43.87;55,71904;53;0;9;22
663;46.97;55,2793;53;0;10;22
664;54.67;55,13628;53;0;10;19
666;39.49;54,70288;53;0;10;19
667;27.60;53,85843;53;0;9;37
669;53.56;53,68891;53;0;9;37
670;58.55;53,58862;53;0;9;15
671;43.43;52,42553;53;102;9;10
673;76.34;53,21527;53;0;9;10
674;73.98;53,92636;53;0;9;13
676;62.09;54,05098;54;0;9;13
677;52.55;53,3336;54;0;9;19
679;44.00;53,20247;55;0;9;19
680;70.25;53,10497;55;0;9;16
681;43.47;52,90513;55;95;9;10
683;52.01;52,41115;55;0;9;10
684;70.76;53,27694;55;0;9;15
686;43.24;53,16403;55;0;9;15
687;72.72;52,81453;55;0;9;12
689;56.82;53,22263;55;0;9;12
690;55.53;53,25047;55;0;9;18
692;57.63;54,88549;55;0;9;18
693;58.33;54,92789;55;0;9;17
695;58.14;55,13516;55;0;10;17
696;62.60;54,74138;55;0;10;16
698;53.49;56,41539;55;0;10;16
699;56.20;56,53845;55;0;10;15
701;49.12;55,85613;55;0;10;15
702;54.07;56,19918;55;0;10;19
704;39.30;55,91244;55;0;10;19
705;49.64;55,12738;55;0;10;22
707;39.55;54,65233;55;0;10;22
708;56.41;54,7769;55;0;10;17
710;62.05;55,09813;55;0;10;17
711;63.54;54,88151;54;0;10;14
713;52.18;56,82538;53;0;10;14
714;64.45;57,22643;53;0;10;15
716;40.99;56,44413;53;0;10;15
717;70.12;57,3113;53;0;10;15
719;70.46;57,21555;53;0;10;15
720;102.96;58,7039;53;20;10;11
722;60.84;58,55433;53;0;10;11
723;75.14;59,11897;53;0;10;12
725;69.37;59,93132;53;0;10;12
726;70.86;60,34145;53;0;10;14
728;24.83;58,92039;53;0;9;14
729;65.02;59,29245;53;0;10;18
730;55.72;59,27707;53;72;10;11
732;64.77;59,5147;53;0;10;11
733;58.72;59,66483;53;0;10;18
735;28.00;59,35535;53;0;9;18
736;54.41;59,50899;53;0;10;18
738;61.38;60,15932;53;0;10;18
739;43.61;59,74639;54;0;10;28
741;23.59;58,38264;54;0;9;28
742;14.13;56,7888;54;0;8;81
743;31.37;55,15596;54;65;8;9
745;52.66;54,036;54;0;7;9
746;15.50;52,35601;54;0;6;60
747;42.25;52,39663;54;53;6;7
749;44.88;50,57431;54;0;6;7
750;79.59;50,86895;54;0;6;11
751;60.05;49,48463;54;89;5;6
753;53.11;48,92706;54;0;3;6
754;88.34;49,3529;54;0;2;12
755;51.68;48,95271;54;42;1;2
756;61.44;48,69698;54;61;1;2
757;50.54;48,04158;54;85;1;2
758;58.36;48,01386;54;101;1;2
760;71.26;48,60381;54;0;1;2
761;72.88;49,1571;52;0;1;16
762;45.54;49,54389;52;12;1;2
763;38.26;48,68849;53;25;1;2
764;42.41;48,16255;53;47;1;2
765;47.88;47,75322;53;85;1;2
767;40.10;47,91079;53;0;1;2
768;52.62;47,67577;53;0;1;20
769;46.51;47,19635;53;19;1;2
770;47.36;47,3173;53;37;1;2
771;56.70;47,61451;53;55;1;2
772;46.25;48,34536;53;71;1;2
773;56.77;49,72084;53;85;1;2
774;49.03;50,29036;53;106;1;2
776;25.37;49,62879;54;0;1;2
777;49.68;50,73159;54;0;1;20
778;74.09;51,75872;54;16;1;2
779;44.05;52,13025;54;50;1;2
780;59.69;52,60789;54;87;1;2
782;85.44;53,32447;54;0;1;2
783;61.51;53,9798;54;0;1;16
784;27.23;53,145;54;19;1;2
785;47.13;51,81573;54;41;1;2
786;58.04;52,02099;54;72;1;2
787;65.59;52,15494;54;97;1;2
789;63.53;52,31791;54;0;1;2
790;60.67;53,08556;52;0;1;18
791;54.16;52,53372;52;24;1;2
792;51.61;51,8479;52;58;1;2
793;48.35;51,93857;52;92;1;2
795;60.09;53,65778;52;0;1;2
796;61.44;54,0952;52;0;1;17
797;66.99;54,73356;52;40;1;2
798;66.14;55,57355;52;88;2;3
800;52.97;55,55906;53;0;3;3
801;52.58;55,72743;53;0;4;18
802;53.44;55,62251;53;61;5;6
804;68.07;55,79543;53;0;6;6
805;58.22;56,09211;53;0;7;18
807;42.43;57,2794;53;0;8;18
808;49.22;57,26447;53;0;8;20
810;46.47;56,19577;53;0;8;20
811;66.62;56,41928;53;0;9;15
813;60.08;55,64458;53;0;10;15
814;78.38;56,18859;53;0;10;12
816;55.20;57,01702;52;0;10;12
817;58.28;57,02488;52;0;10;17
819;53.44;56,48668;52;0;10;17
820;80.35;57,02901;52;0;10;11
822;36.20;56,04907;52;0;10;11
823;80.92;56,99445;52;0;10;11
825;51.27;56,3673;52;0;10;11
826;69.74;56,67852;52;0;10;16
828;44.49;55,96858;53;0;10;16
829;73.16;56,19511;53;0;10;15
831;50.83;56,36438;53;0;10;15
832;40.36;55,9702;51;0;10;25
833;40.16;55,54156;51;66;10;11
835;55.63;54,63206;51;0;9;11
836;44.00;54,17312;51;0;9;23
837;19.18;52,99258;51;68;8;9
839;32.82;51,92638;52;0;7;9
840;33.30;51,75724;52;0;7;19
841;35.41;51,40059;52;61;7;8
843;38.72;48,75835;52;0;5;8
844;40.71;48,1334;52;0;4;24
845;41.00;46,92757;52;46;3;4
846;42.45;46,85042;52;89;2;3
848;57.70;46,46212;52;0;1;3
849;57.91;46,84987;52;0;1;18
850;67.41;47,30072;52;28;1;2
851;56.25;46,52339;52;63;1;2
852;28.48;45,88553;52;83;1;2
854;91.05;47,12634;52;0;1;2
855;68.60;47,67752;52;0;1;13
856;77.34;48,51845;52;19;1;2
857;63.50;48,31732;52;41;1;2
858;50.37;47,94449;52;81;1;2
860;55.19;48,41685;52;0;1;2
861;25.22;47,51737;52;0;1;40
862;66.22;48,01369;52;34;1;2
863;53.18;48,42715;52;72;1;2
864;60.67;49,08887;52;90;1;2
866;63.31;50,046;52;0;1;2
867;43.24;50,02176;52;0;1;19
868;55.11;51,18071;52;33;1;2
869;60.63;52,30504;52;45;1;2
870;60.32;53,19221;51;77;1;2
872;77.82;54,89655;51;0;1;2
873;67.05;56,29335;52;0;2;16
874;61.43;57,02599;51;68;3;4
876;73.59;58,74231;51;0;5;4
877;42.81;58,75387;51;0;5;22
879;54.09;58,79537;51;0;6;22
880;68.91;59,15029;51;0;7;16
882;52.18;59,53414;51;0;9;16
883;66.44;60,75878;51;0;10;16
885;41.95;58,69794;51;0;10;16
886;89.35;59,36737;51;0;10;13
888;42.73;57,70683;51;0;10;13
889;41.53;57,42164;51;0;10;22
891;33.75;56,93937;51;0;10;22
892;48.59;57,69306;51;0;10;17
894;54.58;57,35543;51;0;10;17
895;50.49;57,02717;51;0;10;19
897;48.76;56,44016;51;0;10;19
898;79.23;57,60113;51;0;10;15
900;45.70;56,58252;51;0;10;15
901;51.60;56,30098;51;0;10;20
903;44.86;55,47079;52;0;10;20
904;40.38;54,61036;52;0;10;22
906;47.22;53,37993;52;0;10;22
907;42.63;52,38107;52;0;10;26
908;34.14;52,10124;52;59;10;16
910;43.98;50,94524;52;0;9;16
911;42.23;50,08452;52;0;9;24
912;61.71;49,38552;52;107;8;9
914;40.52;48,08599;52;0;6;9
915;75.44;48,91469;52;0;5;14
916;45.18;49,01862;52;65;4;7
918;20.11;46,22293;52;0;2;7
919;36.54;46,02321;51;0;1;29
920;33.19;45,75426;51;21;1;2
921;29.78;44,01854;51;40;1;2
922;37.07;44,12571;51;72;1;2
923;17.83;43,13349;51;84;1;2
925;67.33;42,88568;51;0;1;2
926;40.81;42,57338;51;0;1;24
927;87.31;44,00602;51;33;1;2
928;59.91;44,3656;51;45;1;2
929;39.81;43,09384;50;63;1;2
930;41.33;43,18635;50;80;1;2
931;28.37;42,62753;50;87;1;2
933;43.17;41,94437;50;0;1;2
934;34.08;41,59642;50;0;1;26
935;40.71;41,60692;50;12;1;2
936;40.42;41,70486;50;22;1;2
937;50.11;41,79801;50;36;1;2
938;55.02;42,19773;50;46;1;2
939;43.29;42,49298;50;62;1;2
940;59.76;43,68157;50;78;1;2
941;42.54;43,63517;50;91;1;2
943;76.27;43,38425;50;0;1;2
944;69.31;44,40028;50;0;1;16
945;56.56;44,91752;50;34;1;2
946;73.55;44,85653;50;69;1;2
947;56.18;45,21162;50;90;1;2
949;112.04;48,72648;50;0;1;2
950;49.04;49,1298;50;0;1;21
951;83.88;50,76481;50;35;1;2
952;62.12;51,80794;50;70;1;2
954;56.95;53,68401;50;0;1;2
955;60.25;54,53335;50;0;1;18
956;45.53;53,83009;50;24;1;2
957;57.11;54,35589;50;53;1;2
958;46.03;53,02446;50;84;1;2
960;72.33;52,90425;50;0;1;2
961;55.61;53,36492;50;0;1;15
962;35.41;53,59191;51;18;1;2
963;45.18;53,81737;51;30;1;2
964;35.31;53,56374;51;42;1;2
965;22.91;53,20354;51;74;1;2
967;77.99;54,80175;51;0;1;2
968;54.06;54,9293;51;0;1;19
969;52.39;54,84439;51;36;1;2
970;59.38;55,3633;51;94;2;3
972;26.26;54,42019;51;0;1;3
973;64.27;55,85155;51;0;2;15
974;49.36;54,98372;51;55;2;3
976;50.88;54,67093;51;0;2;3
977;42.24;53,66095;51;0;2;21
978;57.86;53,71508;51;32;2;3
979;27.67;53,116;51;68;1;2
980;69.82;51,75426;51;100;1;2
982;56.11;50,6247;51;0;1;2
983;62.41;50,63385;51;0;1;16
984;53.71;50,55624;51;22;1;2
985;44.79;50,16399;51;40;1;2
986;41.56;49,56104;51;61;1;2
987;26.39;48,94356;51;100;1;2
989;57.76;49,06873;51;0;1;2
990;64.07;50,37223;51;0;1;16
991;60.42;49,98825;51;34;1;2
992;49.99;49,80696;51;51;1;2
993;46.68;50,17052;51;72;1;2
994;46.32;50,20733;51;92;1;2
996;49.76;52,00524;51;0;1;2
997;60.84;52,26849;51;0;1;17
998;62.38;51,76503;51;34;1;2
999;60.89;51,98539;51;72;1;2
1001;63.70;52,43102;51;0;1;2
1002;73.49;53,29199;51;0;1;17
1003;50.08;54,06034;51;39;1;2
1004;31.83;53,01405;51;74;1;2
1006;81.53;53,89991;51;0;1;2
1007;66.31;54,39766;51;0;1;14
1008;55.88;54,83786;51;40;1;2
1009;52.26;54,65734;51;58;1;2
1010;39.58;55,04142;51;70;1;2
1011;42.31;54,15372;52;90;1;2
1013;63.68;53,67609;52;0;1;2
1014;44.58;53,10115;52;0;1;24
1015;55.35;53,15436;52;34;1;2
1016;43.36;53,10835;52;61;1;2
1017;46.38;53,26382;52;99;1;2
1019;80.36;55,1324;52;0;2;2
1020;82.12;55,91811;52;0;3;15
1021;47.64;55,38811;52;70;3;4
1023;51.41;54,65064;52;0;3;4
1024;47.27;54,66974;52;0;3;23
1025;46.75;54,68357;52;63;3;4
1026;53.67;54,34426;52;89;3;4
1028;43.73;53,21991;52;0;3;4
1029;40.65;52,51891;52;0;3;25
1030;51.04;52,2011;52;37;3;4
1031;29.00;51,14046;52;53;2;3
1032;18.65;49,6871;52;66;1;2
1033;37.07;48,51213;52;79;1;2
1034;42.69;48,27373;52;97;1;2
1036;38.29;47,99929;51;0;1;2
1037;44.99;46,82058;51;0;1;19
1038;39.39;45,95221;50;16;1;2
1039;44.57;45,58715;50;32;1;2
1040;53.55;45,62852;50;44;1;2
1041;44.58;45,78975;50;59;1;2
1042;35.92;45,58371;50;79;1;2
1043;42.20;46,31855;50;97;1;2
1045;65.28;45,8002;51;0;1;2
1046;65.08;46,11405;51;0;1;16
1047;53.24;46,43265;51;32;1;2
1048;53.11;46,65004;51;52;1;2
1049;44.80;46,3783;51;85;1;2
1051;41.97;44,41899;51;0;1;2
1052;24.96;43,68718;51;0;1;41
1053;44.26;43,94897;52;23;1;2
1054;45.94;43,77248;52;61;1;2
1055;33.31;43,32211;52;83;1;2
1056;53.01;43,524;52;105;1;2
1058;51.81;44,09571;52;0;1;2
1059;47.59;44,22041;52;0;1;23
1060;63.22;44,94837;52;35;1;2
1061;43.61;44,70879;52;70;1;2
1062;44.56;45,21094;52;93;1;2
1064;76.02;47,94917;52;0;1;2
1065;53.30;48,29138;52;0;1;21
1066;75.21;49,24564;50;35;1;2
1067;63.33;50,05344;50;70;1;2
1068;45.84;50,0808;50;104;1;2
1070;84.78;52,00375;50;0;1;2
1071;52.72;51,97718;50;0;1;19
1072;58.53;52,42746;50;40;1;2
1073;46.39;52,76533;50;74;1;2
1075;59.09;54,15731;50;0;1;2
1076;48.76;53,62435;50;0;1;21
1077;53.19;53,24079;50;37;1;2
1078;47.00;53,0397;50;53;1;2
1079;61.56;53,31209;50;73;1;2
1080;53.39;53,58931;50;104;1;2
1082;65.40;54,86958;50;0;1;2
1083;53.58;55,79293;50;0;2;18
1084;57.48;56,21943;50;40;3;4
1086;57.70;57,35318;50;0;5;4
1087;50.42;57,26968;50;0;6;20
1088;61.92;57,60239;50;62;7;8
1090;64.28;57,72158;49;0;8;8
1091;42.32;57,04745;50;0;8;26
1092;44.16;57,06511;50;89;8;9
1094;44.24;56,12017;50;0;8;9
1095;27.36;54,55046;50;0;7;35
1096;41.77;54,17854;50;64;7;8
1098;52.38;52,29911;50;0;6;8
1099;54.65;52,58335;50;0;6;18
1101;43.96;51,14558;50;0;6;18
1102;65.66;51,56282;50;0;6;13
1104;47.66;51,32951;50;0;6;13
1105;72.93;51,96677;50;0;6;14
1107;49.51;51,40075;50;0;6;14
1108;54.83;51,4537;50;0;6;18
1109;41.66;51,28134;50;45;6;7
1111;51.61;50,25027;50;0;6;7
1112;75.92;50,24696;50;0;6;13
1113;52.61;49,83429;50;55;5;6
1115;25.15;48,42793;50;0;3;6
1116;74.73;49,00992;50;0;2;13
1117;69.13;49,37856;50;18;1;2
1118;46.47;49,25101;50;49;1;2
1119;53.24;48,97106;50;89;1;2
1121;49.22;48,63777;50;0;1;2
1122;14.05;47,72589;49;0;1;71
1123;49.37;47,89401;49;18;1;2
1124;38.68;47,99289;49;34;1;2
1125;36.64;47,74784;49;52;1;2
1126;39.02;48,12419;49;68;1;2
1127;35.87;47,93394;49;83;1;2
1128;33.49;48,11446;49;99;1;2
1130;62.26;48,03994;49;0;1;2
1131;61.73;48,25605;49;0;1;16
1132;46.71;48,34483;49;14;1;2
1133;40.35;47,52838;49;27;1;2
1134;19.70;46,54966;49;58;1;2
1135;46.85;46,52345;49;94;1;2
1137;58.64;47,06435;49;0;1;2
1138;81.85;48,1074;49;0;1;12
1139;59.01;48,24193;49;26;1;2
1140;50.61;48,53061;49;56;1;2
1141;26.24;48,36499;49;94;1;2
1143;36.11;46,78889;49;0;1;2
1144;58.41;46,97606;49;0;1;17
1145;62.86;47,63864;49;18;1;2
1146;28.68;47,75273;50;36;1;2
